datetime,open,high,low,close,total_volume,turnover_lacs,num_trades,delivered_volume,delivery_percent
25-06-2026 00:00,38.0,42.0,38.0,41.26,227891559,93370.33,351705,30732153.0,13.49
24-06-2026 00:00,37.85,38.48,37.51,37.82,8236086,3131.69,57591,3587212.0,43.55
23-06-2026 00:00,38.25,38.4,37.5,37.81,5408094,2047.81,24297,2797111.0,51.72
22-06-2026 00:00,38.5,38.59,38.05,38.39,10997565,4206.3,36310,6700321.0,60.93
19-06-2026 00:00,37.65,38.6,37.42,38.03,12257716,4639.44,55868,8098661.0,66.07
18-06-2026 00:00,37.56,37.81,37.32,37.75,8051573,3029.0,32870,4333000.0,53.82
17-06-2026 00:00,37.7,38.04,36.96,37.17,21459638,8001.39,47216,13668040.0,63.69
16-06-2026 00:00,38.04,38.3,37.26,37.59,9212911,3465.1,33934,5148663.0,55.89
15-06-2026 00:00,37.65,38.63,37.65,37.87,16522859,6312.32,47536,8801103.0,53.27
12-06-2026 00:00,36.66,37.54,36.44,36.84,27650685,10172.45,55916,18946768.0,68.52
11-06-2026 00:00,37.34,37.34,36.32,36.38,12335148,4527.87,42051,8087583.0,65.57
10-06-2026 00:00,38.2,38.26,37.27,37.38,5530609,2079.63,29715,3526670.0,63.77
09-06-2026 00:00,38.0,38.28,37.6,38.16,13389537,5091.29,33797,8751240.0,65.36
08-06-2026 00:00,38.58,38.58,37.3,37.47,6234072,2353.09,38836,3437489.0,55.14
05-06-2026 00:00,38.3,38.7,38.21,38.58,7754395,2986.36,35689,4945229.0,63.77
04-06-2026 00:00,38.1,38.85,37.88,38.3,5337219,2047.61,20295,2658259.0,49.81
03-06-2026 00:00,38.29,38.68,37.75,38.18,6828863,2605.58,28632,3618135.0,52.98
02-06-2026 00:00,37.5,38.37,37.18,38.2,5477804,2083.56,33752,3010335.0,54.96
01-06-2026 00:00,39.01,39.38,37.5,37.65,10915672,4153.02,53267,6824096.0,62.52
29-05-2026 00:00,39.8,39.94,38.78,38.97,9818726,3859.3,47654,5960724.0,60.71
27-05-2026 00:00,39.39,39.91,39.11,39.7,5736830,2261.68,25118,2512013.0,43.79
26-05-2026 00:00,39.34,40.01,39.08,39.23,4806920,1900.05,30599,2469693.0,51.38
25-05-2026 00:00,40.0,40.72,39.25,39.32,6636708,2639.85,27913,3242661.0,48.86
22-05-2026 00:00,40.26,40.3,39.58,39.66,2756164,1098.88,14607,1202534.0,43.63
21-05-2026 00:00,39.9,40.45,39.5,39.9,3744828,1500.02,19555,1363648.0,36.41
20-05-2026 00:00,39.0,39.86,38.63,39.72,5687175,2238.65,33356,2561653.0,45.04
19-05-2026 00:00,39.4,39.82,39.24,39.39,4625083,1826.49,34140,2154012.0,46.57
18-05-2026 00:00,39.87,39.87,38.8,39.23,5315174,2079.57,31317,2313590.0,43.53
15-05-2026 00:00,39.82,40.78,39.82,40.07,3645302,1468.86,18743,1540190.0,42.25
14-05-2026 00:00,40.1,40.41,39.41,40.04,3227888,1288.43,28732,1224049.0,37.92
13-05-2026 00:00,40.15,40.48,39.5,40.01,6167442,2466.28,34705,2548281.0,41.32
12-05-2026 00:00,41.3,41.65,39.66,39.8,5635555,2286.27,45558,2502218.0,44.4
11-05-2026 00:00,42.29,42.29,41.3,41.61,5685992,2371.47,56520,2493542.0,43.85
08-05-2026 00:00,42.9,43.2,42.23,42.5,7012661,2986.41,40118,3556554.0,50.72
07-05-2026 00:00,42.09,43.44,41.98,42.83,13788634,5912.52,66339,5177467.0,37.55
06-05-2026 00:00,41.94,42.33,41.47,41.94,21395354,8965.44,57771,13203785.0,61.71
05-05-2026 00:00,41.47,42.4,41.06,41.59,11850812,4936.71,49259,6413153.0,54.12
04-05-2026 00:00,40.99,41.6,40.57,41.47,8898699,3656.02,29191,4024055.0,45.22
30-04-2026 00:00,39.71,40.9,39.22,40.54,14696763,5899.19,48522,7699370.0,52.39
29-04-2026 00:00,38.95,40.15,37.91,39.54,32698595,12788.83,106604,14452868.0,44.2
28-04-2026 00:00,41.72,42.35,38.54,39.24,27273202,11022.71,64541,9833699.0,36.06
27-04-2026 00:00,40.09,41.45,40.09,41.1,12458715,5113.81,44430,7102898.0,57.01
24-04-2026 00:00,40.46,40.87,39.02,39.9,10512603,4179.75,33017,5099230.0,48.51
23-04-2026 00:00,41.36,41.47,40.24,40.57,13923445,5656.32,56778,9216999.0,66.2
22-04-2026 00:00,40.0,41.63,39.8,41.29,18671571,7670.85,47758,12489528.0,66.89
21-04-2026 00:00,39.14,40.71,39.01,40.01,11677940,4670.98,46139,6401385.0,54.82
20-04-2026 00:00,39.72,39.74,38.62,39.19,8244075,3232.24,45228,4710428.0,57.14
17-04-2026 00:00,39.51,40.15,39.35,39.52,11364157,4502.55,51614,7726229.0,67.99
16-04-2026 00:00,39.38,39.8,39.08,39.45,7326157,2884.7,33176,4695388.0,64.09
15-04-2026 00:00,39.08,39.2,38.75,39.02,8526969,3322.14,49784,5509711.0,64.62
13-04-2026 00:00,38.55,39.15,38.03,38.53,6402157,2475.18,34954,3719421.0,58.1
10-04-2026 00:00,38.98,39.8,38.84,39.33,6827177,2691.59,28737,3542378.0,51.89
09-04-2026 00:00,39.04,39.08,37.77,38.58,12630293,4845.5,44387,4749453.0,37.6
08-04-2026 00:00,38.49,39.25,37.83,38.76,10261672,3974.2,38944,5121470.0,49.91
07-04-2026 00:00,36.76,37.2,36.36,37.01,9346166,3443.7,30391,4691977.0,50.2
06-04-2026 00:00,37.07,37.6,36.6,36.76,19688354,7260.48,51945,9513777.0,48.32
02-04-2026 00:00,38.11,38.11,36.66,37.07,14630994,5416.55,50229,8891206.0,60.77
01-04-2026 00:00,37.59,38.33,37.13,38.2,6926175,2616.72,34215,3056318.0,44.13
30-03-2026 00:00,37.0,37.44,36.56,36.9,8487273,3133.56,45131,4189265.0,49.36
27-03-2026 00:00,37.87,38.7,36.66,37.9,11336793,4248.62,50574,6424447.0,56.67
25-03-2026 00:00,37.89,38.54,37.31,37.98,10993170,4178.78,42375,7246294.0,65.92
24-03-2026 00:00,36.09,37.67,36.09,37.51,5656170,2091.18,28887,2246579.0,39.72
23-03-2026 00:00,36.89,36.89,35.7,35.89,17364254,6258.98,64078,10507406.0,60.51
20-03-2026 00:00,37.83,38.06,36.76,36.98,11985935,4476.78,80113,6673986.0,55.68
19-03-2026 00:00,38.5,38.66,37.15,37.27,17216606,6482.06,63026,10182553.0,59.14
18-03-2026 00:00,39.05,39.53,38.7,38.79,10722722,4188.95,87450,6620973.0,61.75
17-03-2026 00:00,39.5,39.5,38.2,38.72,12815004,4968.5,74387,7264095.0,56.68
16-03-2026 00:00,38.89,39.42,37.95,39.15,8956607,3456.25,121784,5083526.0,56.76
13-03-2026 00:00,39.65,39.9,38.8,39.08,5752253,2259.49,99596,3129091.0,54.4
12-03-2026 00:00,40.2,40.33,39.27,40.06,2843268,1134.98,26589,1189171.0,41.82
11-03-2026 00:00,40.7,41.3,40.05,40.18,2916322,1181.0,31718,1643360.0,56.35
10-03-2026 00:00,40.49,40.9,40.05,40.74,3420337,1383.4,21519,1646723.0,48.15
09-03-2026 00:00,40.5,40.5,39.42,40.12,3807223,1518.03,36210,1796851.0,47.2
06-03-2026 00:00,41.4,41.85,41.15,41.27,2045837,848.55,23749,773656.0,37.82
05-03-2026 00:00,41.44,41.86,40.55,41.56,4331323,1784.02,35643,1757841.0,40.58
04-03-2026 00:00,41.05,42.23,41.0,41.44,4259203,1771.52,26921,2047338.0,48.07
02-03-2026 00:00,40.25,42.6,40.25,42.25,7108750,2982.6,37290,3237590.0,45.54
27-02-2026 00:00,42.83,43.68,41.94,43.2,6476582,2777.1,31559,2747217.0,42.42
26-02-2026 00:00,43.7,43.77,42.71,42.91,2762412,1189.13,24159,1471649.0,53.27
25-02-2026 00:00,43.61,43.95,43.11,43.57,2513061,1094.21,19452,1032879.0,41.1
24-02-2026 00:00,44.46,44.46,43.25,43.61,3164042,1381.34,27378,1607001.0,50.79
23-02-2026 00:00,43.39,44.65,43.13,44.47,9424677,4158.94,40026,4529193.0,48.06
20-02-2026 00:00,42.7,43.34,42.48,42.93,3909956,1680.58,18506,1863504.0,47.66
19-02-2026 00:00,43.2,43.49,42.15,42.87,3578836,1541.6,17232,1959184.0,54.74
18-02-2026 00:00,42.95,43.15,42.42,43.02,3941369,1687.4,22729,1919784.0,48.71
17-02-2026 00:00,42.63,43.13,42.63,42.9,2984790,1281.43,21993,1560249.0,52.27
16-02-2026 00:00,42.8,43.22,42.18,42.63,3244553,1388.27,22291,1181554.0,36.42
13-02-2026 00:00,42.9,43.27,42.0,42.79,5057227,2174.1,17183,3264523.0,64.55
12-02-2026 00:00,43.44,43.48,42.58,43.27,8746618,3761.42,69947,4535869.0,51.86
11-02-2026 00:00,42.85,43.72,42.75,43.36,8352621,3615.59,34122,4613727.0,55.24
10-02-2026 00:00,43.4,43.56,42.62,42.84,8558483,3688.54,37566,4517887.0,52.79
09-02-2026 00:00,43.15,43.75,42.6,43.35,9844163,4245.73,40069,5558836.0,56.47
06-02-2026 00:00,44.35,44.35,42.68,42.93,7505638,3233.0,40339,3857742.0,51.4
05-02-2026 00:00,45.36,45.36,44.0,44.57,6073123,2706.03,26803,2632465.0,43.35
04-02-2026 00:00,44.93,45.6,43.72,45.36,7351933,3312.24,36129,3172962.0,43.16
03-02-2026 00:00,46.5,46.5,43.73,44.94,9588426,4295.72,44475,4428791.0,46.19
02-02-2026 00:00,42.29,44.3,40.85,43.52,6598221,2782.51,34625,2794343.0,42.35
01-02-2026 00:00,42.85,43.3,42.0,42.29,2169364,927.29,14120,803656.0,37.05
30-01-2026 00:00,42.17,43.55,41.24,43.16,5943541,2537.52,33135,2809189.0,47.26
29-01-2026 00:00,44.88,44.88,41.75,42.15,8001598,3386.0,33488,3654598.0,45.67
28-01-2026 00:00,42.46,43.68,41.65,43.32,8999861,3815.49,56661,3913407.0,43.48
27-01-2026 00:00,43.03,43.1,42.0,42.25,6593459,2793.53,41273,3006306.0,45.6
23-01-2026 00:00,44.0,44.19,42.77,42.98,5216009,2251.87,44867,3142502.0,60.25
22-01-2026 00:00,45.0,45.12,43.73,43.93,6094958,2688.94,44842,3085767.0,50.63
21-01-2026 00:00,43.3,44.8,42.76,44.49,7062416,3099.72,36683,2069213.0,29.3
20-01-2026 00:00,45.13,45.13,42.5,43.51,5683863,2497.08,34206,2607449.0,45.87
19-01-2026 00:00,45.0,45.29,44.62,44.84,2522756,1132.86,19042,1220238.0,48.37
16-01-2026 00:00,46.05,46.44,45.12,45.35,6146149,2792.76,34227,2945223.0,47.92
14-01-2026 00:00,45.6,46.74,45.3,46.07,6083840,2799.27,27201,2716622.0,44.65
13-01-2026 00:00,46.94,47.27,45.36,45.72,5688351,2616.98,29398,2710006.0,47.64
12-01-2026 00:00,47.82,47.82,46.18,46.76,6645190,3110.23,34211,2545718.0,38.31
09-01-2026 00:00,48.44,49.83,47.6,47.84,6021220,2918.36,28950,1838856.0,30.54
08-01-2026 00:00,50.23,50.73,48.38,48.66,6418779,3170.07,30227,2796623.0,43.57
07-01-2026 00:00,51.2,51.41,49.95,50.24,5986119,3027.55,29866,2776443.0,46.38
06-01-2026 00:00,52.8,53.59,50.72,51.16,15572691,8088.16,58663,4730208.0,30.38
05-01-2026 00:00,50.49,52.4,49.21,52.05,26508146,13589.98,111161,13724424.0,51.77
02-01-2026 00:00,48.5,50.0,48.22,49.85,9549993,4711.72,39236,4850627.0,50.79
01-01-2026 00:00,48.52,49.17,47.85,48.92,4813143,2339.97,24570,1464029.0,30.42
31-12-2025 00:00,48.48,48.95,47.41,48.52,6949383,3349.19,34909,2167548.0,31.19
30-12-2025 00:00,46.49,49.79,45.68,48.82,43942837,21280.3,127243,24162283.0,54.99
29-12-2025 00:00,45.15,47.59,44.29,46.82,13526237,6205.46,60707,5552252.0,41.05
26-12-2025 00:00,45.28,45.39,45.0,45.13,3087500,1394.45,29791,1792379.0,58.05
24-12-2025 00:00,45.51,45.95,45.1,45.28,4284783,1944.53,40687,2618059.0,61.1
23-12-2025 00:00,46.32,46.54,45.3,45.45,7671767,3500.67,63542,4307106.0,56.14
22-12-2025 00:00,48.0,48.16,46.21,46.33,5804351,2719.32,35779,2546923.0,43.88
19-12-2025 00:00,44.81,49.6,44.81,47.65,49911481,24021.64,137578,21295561.0,42.67
18-12-2025 00:00,45.23,45.43,44.6,44.9,2153740,965.96,15527,1221884.0,56.73
17-12-2025 00:00,45.51,46.45,44.99,45.15,4076466,1863.93,33869,2434216.0,59.71
16-12-2025 00:00,46.2,46.6,45.27,45.51,5585698,2558.99,29676,4060339.0,72.69
15-12-2025 00:00,45.91,46.49,45.64,45.97,2394942,1104.85,14493,1090970.0,45.55
12-12-2025 00:00,45.65,46.74,45.25,45.91,8397399,3867.2,42716,4854969.0,57.82
11-12-2025 00:00,44.78,45.88,44.17,45.65,2406946,1085.69,17204,928983.0,38.6
10-12-2025 00:00,44.75,45.19,44.21,44.51,4860637,2164.21,21930,3525395.0,72.53
09-12-2025 00:00,44.8,45.12,43.86,44.75,4165860,1860.68,24455,2299946.0,55.21
08-12-2025 00:00,45.6,45.66,43.9,44.8,3578192,1600.06,22037,1796589.0,50.21
05-12-2025 00:00,45.54,45.84,44.47,45.6,6829483,3078.86,43444,3273630.0,47.93
04-12-2025 00:00,46.14,46.2,45.45,45.54,1888602,862.86,18097,1066546.0,56.47
03-12-2025 00:00,46.49,47.37,45.74,46.14,3810018,1768.75,25145,1713445.0,44.97
02-12-2025 00:00,46.42,46.63,46.06,46.41,2505266,1161.41,16664,1429059.0,57.04
01-12-2025 00:00,45.9,46.8,45.45,46.66,3139423,1452.64,19127,1408044.0,44.85
28-11-2025 00:00,46.5,46.55,45.5,45.66,2943752,1348.67,27586,1503264.0,51.07
27-11-2025 00:00,46.44,46.45,45.45,46.27,4208556,1938.16,23823,2127433.0,50.55
26-11-2025 00:00,46.83,46.94,45.9,45.98,3878284,1792.16,25446,2344247.0,60.45
25-11-2025 00:00,47.58,47.81,46.7,46.79,2301649,1081.79,16774,1035978.0,45.01
24-11-2025 00:00,48.59,49.34,47.1,47.59,5842053,2808.7,30311,3443578.0,58.94
21-11-2025 00:00,48.99,49.05,47.82,48.42,13603541,6547.97,37681,10813371.0,79.49
20-11-2025 00:00,48.7,49.44,48.56,49.05,5934183,2912.74,42260,3700932.0,62.37
19-11-2025 00:00,48.45,48.95,47.81,48.64,9989905,4827.89,49317,7360666.0,73.68
18-11-2025 00:00,49.07,49.4,48.3,48.42,7899171,3845.37,32352,5240439.0,66.34
17-11-2025 00:00,48.0,49.09,47.73,49.01,6674298,3236.71,44002,4065639.0,60.91
14-11-2025 00:00,47.39,48.45,47.36,47.96,5709408,2743.45,44315,2992533.0,52.41
13-11-2025 00:00,46.0,47.5,46.0,47.39,4399025,2071.37,33547,2465025.0,56.04
12-11-2025 00:00,46.39,46.67,46.01,46.35,2365668,1096.41,19231,1275696.0,53.93
11-11-2025 00:00,45.7,46.71,45.12,46.42,3221030,1478.97,28471,1472939.0,45.73
10-11-2025 00:00,46.78,46.78,45.65,45.87,2481446,1143.04,16522,1400818.0,56.45
07-11-2025 00:00,47.34,47.4,45.75,46.78,5792040,2699.1,29634,2804819.0,48.43
06-11-2025 00:00,47.99,48.81,46.74,47.79,11938833,5711.68,68440,4805244.0,40.25
04-11-2025 00:00,47.75,47.83,46.6,46.99,2242212,1055.38,17094,1022666.0,45.61
03-11-2025 00:00,46.99,47.75,46.53,47.65,3609778,1700.82,24186,1697642.0,47.03
31-10-2025 00:00,47.0,47.99,47.0,47.21,3535008,1680.92,24490,1874676.0,53.03
30-10-2025 00:00,47.62,47.75,46.9,47.41,2741101,1299.48,21333,1190564.0,43.43
29-10-2025 00:00,46.89,48.0,46.3,47.82,3537519,1672.72,23070,1890030.0,53.43
28-10-2025 00:00,47.0,47.0,47.0,46.74,2,0.0,2,0.0,0.0
27-10-2025 00:00,47.09,47.2,46.21,46.3,2196628,1021.18,22669,1267083.0,57.68
24-10-2025 00:00,48.61,48.61,46.6,47.09,4623333,2193.77,35218,1680615.0,36.35
23-10-2025 00:00,46.8,48.2,46.49,47.67,6585615,3128.29,43409,3353139.0,50.92
21-10-2025 00:00,46.89,47.2,46.25,46.56,702915,328.63,7360,421939.0,60.03
20-10-2025 00:00,46.0,46.64,45.72,46.45,2352682,1089.16,22053,1249990.0,53.13
17-10-2025 00:00,46.3,46.67,45.72,45.89,2143216,988.82,21707,1025646.0,47.86
16-10-2025 00:00,46.5,46.6,45.75,46.26,3497055,1613.19,29827,1257367.0,35.96
15-10-2025 00:00,44.39,47.5,44.08,46.41,6845180,3141.84,35337,3250713.0,47.49
14-10-2025 00:00,45.04,45.52,44.0,44.05,2044134,906.83,15656,1083446.0,53.0
13-10-2025 00:00,44.0,45.17,43.95,45.04,3562805,1596.05,22069,1303427.0,36.58
10-10-2025 00:00,45.01,45.87,44.37,44.46,3753770,1686.23,19599,1902384.0,50.68
09-10-2025 00:00,45.74,45.88,44.95,45.06,2828677,1279.18,17676,1490873.0,52.71
08-10-2025 00:00,46.38,46.75,45.55,45.74,2788840,1282.74,17234,1012791.0,36.32
07-10-2025 00:00,45.55,46.76,45.36,46.38,4824774,2230.21,22420,2333123.0,48.36
06-10-2025 00:00,46.0,46.1,45.21,45.44,3584571,1633.1,17491,1352530.0,37.73
03-10-2025 00:00,45.85,46.13,45.2,45.74,3044672,1388.71,19126,1257706.0,41.31
01-10-2025 00:00,45.71,46.0,45.36,45.84,2531716,1157.8,17677,969436.0,38.29
30-09-2025 00:00,46.44,46.84,45.52,45.71,4134996,1902.75,19127,1738899.0,42.05
29-09-2025 00:00,47.25,47.47,45.71,46.44,26693107,12393.17,92067,14092425.0,52.79
26-09-2025 00:00,46.71,47.27,46.15,46.85,6343229,2967.71,35839,3021601.0,47.64
25-09-2025 00:00,47.1,47.77,46.48,46.71,3873266,1823.11,23228,1774755.0,45.82
24-09-2025 00:00,47.99,49.5,46.93,47.17,9392109,4531.75,33799,4817542.0,51.29
23-09-2025 00:00,47.88,48.52,47.42,48.01,9956959,4775.94,42880,5770669.0,57.96
22-09-2025 00:00,48.01,48.4,47.5,47.58,4752090,2278.49,30005,2794559.0,58.81
19-09-2025 00:00,49.0,49.0,47.86,48.46,6797063,3280.44,32936,3070560.0,45.17
18-09-2025 00:00,48.84,49.5,47.23,48.48,7377554,3543.15,35781,3157980.0,42.81
17-09-2025 00:00,49.67,49.8,48.45,48.6,6639585,3251.46,28741,3612422.0,54.41
16-09-2025 00:00,49.0,50.0,48.66,49.35,11695692,5764.84,37883,6286168.0,53.75
15-09-2025 00:00,50.34,50.35,48.36,48.82,9262971,4593.21,51095,4516416.0,48.76
12-09-2025 00:00,49.79,50.49,48.52,50.09,22518739,11248.03,48141,12449970.0,55.29
11-09-2025 00:00,48.5,49.69,47.84,49.5,13353550,6564.36,36743,7066367.0,52.92
10-09-2025 00:00,49.5,49.5,47.63,48.91,19719593,9624.57,60982,9029563.0,45.79
09-09-2025 00:00,47.85,50.54,46.43,49.5,26673717,12891.43,74411,15314201.0,57.41
08-09-2025 00:00,45.78,48.0,45.5,47.26,32144810,15035.25,110990,18784697.0,58.44
05-09-2025 00:00,44.43,45.48,43.86,45.17,19433639,8752.8,58986,13058182.0,67.19
04-09-2025 00:00,43.43,44.8,43.0,44.15,18369843,8109.42,77365,8306081.0,45.22
03-09-2025 00:00,43.0,43.36,42.34,42.87,5373986,2296.66,24926,2739308.0,50.97
02-09-2025 00:00,42.27,43.12,41.77,43.0,9333707,3966.03,31124,5537661.0,59.33
01-09-2025 00:00,41.79,42.13,41.61,41.98,3052525,1279.74,19514,1703166.0,55.8
29-08-2025 00:00,41.65,41.7,40.67,41.56,4748362,1958.15,26524,2430531.0,51.19
28-08-2025 00:00,41.51,41.77,40.82,41.42,2901358,1197.87,22261,1295522.0,44.65
26-08-2025 00:00,41.9,42.38,41.21,41.61,6291415,2620.98,38016,2875065.0,45.7
25-08-2025 00:00,41.76,42.25,41.65,42.03,13196114,5539.37,18912,10674976.0,80.89
22-08-2025 00:00,42.65,42.72,41.45,41.76,3949910,1663.62,18224,2271191.0,57.5
21-08-2025 00:00,43.1,43.21,42.16,42.73,4725006,2016.41,23137,1887055.0,39.94
20-08-2025 00:00,42.22,43.14,41.66,42.88,12383384,5257.38,49877,6030136.0,48.7
19-08-2025 00:00,39.6,43.4,39.06,41.89,43359719,18277.51,113682,9633062.0,22.22
18-08-2025 00:00,38.21,39.84,38.03,39.46,7364184,2889.87,40843,4136288.0,56.17
14-08-2025 00:00,37.84,37.95,37.12,37.79,6652014,2491.5,23956,5283061.0,79.42
13-08-2025 00:00,38.09,38.18,37.6,37.66,3138737,1186.74,20496,1991076.0,63.44
12-08-2025 00:00,38.28,38.48,37.8,37.86,2662088,1012.03,17634,1543398.0,57.98
11-08-2025 00:00,39.17,39.27,38.15,38.28,2762424,1064.87,15739,1482334.0,53.66
08-08-2025 00:00,38.46,39.42,37.91,39.09,3038655,1175.01,18617,1020517.0,33.58
07-08-2025 00:00,38.5,38.74,37.81,38.28,4276994,1638.89,27879,2255053.0,52.73
06-08-2025 00:00,39.35,39.99,38.11,38.73,5735903,2256.01,32472,2500998.0,43.6
05-08-2025 00:00,38.47,39.77,38.1,39.35,8399126,3295.85,35037,3470767.0,41.32
04-08-2025 00:00,37.87,38.37,37.36,38.24,4742827,1801.21,33805,2590028.0,54.61
01-08-2025 00:00,37.39,38.6,37.06,37.52,7643620,2885.48,35638,4330099.0,56.65
31-07-2025 00:00,37.1,37.7,36.66,37.1,4625910,1725.87,35994,2311527.0,49.97
30-07-2025 00:00,39.19,39.26,37.5,37.77,6995863,2680.25,46149,3619952.0,51.74
29-07-2025 00:00,39.9,40.41,38.69,38.98,10984590,4300.99,39584,8506787.0,77.44
28-07-2025 00:00,40.3,40.97,39.32,40.01,4509405,1803.56,32465,1991828.0,44.17
25-07-2025 00:00,41.42,41.56,40.35,40.49,5046157,2052.66,29212,3257412.0,64.55
24-07-2025 00:00,41.8,42.6,41.35,41.4,5491203,2291.14,30015,2823907.0,51.43
23-07-2025 00:00,42.84,43.08,41.45,41.57,7354994,3094.54,127260,4853648.0,65.99
22-07-2025 00:00,43.81,43.83,42.79,42.84,4428048,1904.35,22746,2929614.0,66.16
21-07-2025 00:00,43.52,44.05,43.0,43.81,3306172,1437.1,20776,1702227.0,51.49
18-07-2025 00:00,43.7,44.78,43.1,43.52,16342618,7167.34,86766,5852816.0,35.81
17-07-2025 00:00,65.0,65.24,63.99,64.47,3211730,2075.82,26810,2144113.0,66.76
16-07-2025 00:00,65.17,65.69,64.35,64.5,4356444,2818.83,22992,2927669.0,67.2
15-07-2025 00:00,63.62,65.5,63.62,64.73,10147143,6558.78,54003,6531240.0,64.37
14-07-2025 00:00,63.85,64.42,63.2,63.38,4986951,3172.82,55348,3192312.0,64.01
11-07-2025 00:00,64.8,65.24,62.9,63.41,6023620,3846.48,40489,4044530.0,67.14
10-07-2025 00:00,65.11,65.96,64.24,64.48,9512136,6211.75,58581,6367754.0,66.94
09-07-2025 00:00,64.89,65.87,64.64,64.8,9090737,5904.2,63440,5937124.0,65.31
08-07-2025 00:00,62.5,65.49,62.37,64.6,25089681,16130.11,77148,14054994.0,56.02
07-07-2025 00:00,60.32,62.5,59.83,62.06,11909071,7243.09,46105,9244289.0,77.62
04-07-2025 00:00,60.69,61.0,60.08,60.32,4940360,2979.75,16926,3869310.0,78.32
03-07-2025 00:00,59.69,61.75,59.5,60.38,8295137,5053.37,41983,4050347.0,48.83
02-07-2025 00:00,59.5,59.63,59.02,59.45,2281584,1354.95,19797,1709951.0,74.95
01-07-2025 00:00,59.73,59.98,59.18,59.57,2285116,1359.92,16553,1410959.0,61.75
30-06-2025 00:00,60.56,60.56,59.5,59.72,2045087,1222.57,16837,1091387.0,53.37
27-06-2025 00:00,60.49,60.77,60.0,60.09,2863612,1728.73,17207,2060664.0,71.96
26-06-2025 00:00,60.23,60.48,59.86,60.12,1395421,838.23,16306,789817.0,56.6
25-06-2025 00:00,59.16,59.98,58.9,59.76,3098535,1846.82,20586,2239738.0,72.28
24-06-2025 00:00,59.29,59.62,58.86,59.16,2940736,1743.64,14600,1636143.0,55.64
23-06-2025 00:00,59.0,59.74,58.43,58.92,5683615,3353.43,31354,3802934.0,66.91
20-06-2025 00:00,59.0,60.17,58.0,59.9,3486011,2086.16,40953,2093955.0,60.07
19-06-2025 00:00,60.42,60.73,59.02,59.19,3890721,2323.52,27674,2891519.0,74.32
18-06-2025 00:00,61.05,61.32,60.12,60.43,3535477,2150.55,45114,2756675.0,77.97
17-06-2025 00:00,61.47,61.72,60.81,61.07,3634321,2224.23,52287,2431516.0,66.9
16-06-2025 00:00,61.0,61.65,60.56,61.47,3964073,2423.2,16608,2637639.0,66.54
13-06-2025 00:00,60.0,61.6,59.73,61.3,4291025,2617.47,55990,2710750.0,63.17
12-06-2025 00:00,62.01,62.84,60.92,61.51,3026906,1873.04,23416,1851676.0,61.17
11-06-2025 00:00,62.5,62.69,61.8,62.41,5272007,3274.81,27716,3786785.0,71.83
10-06-2025 00:00,62.84,62.84,61.75,62.47,3286467,2043.8,31073,1445607.0,43.99
09-06-2025 00:00,62.43,62.43,61.0,62.15,5662429,3499.34,56382,2530095.0,44.68
06-06-2025 00:00,59.5,60.68,59.0,60.51,3355009,2015.13,28473,1665020.0,49.63
05-06-2025 00:00,59.05,59.74,58.8,59.4,3080373,1827.61,30818,1710545.0,55.53
04-06-2025 00:00,58.38,58.95,57.55,58.71,3065446,1781.85,31075,1603364.0,52.3
03-06-2025 00:00,58.42,59.0,57.21,58.5,2372306,1383.91,26503,1434763.0,60.48
02-06-2025 00:00,57.89,58.42,57.34,58.2,1738266,1009.81,22401,899472.0,51.75
30-05-2025 00:00,59.26,59.64,57.45,57.88,7730378,4499.38,41084,5624115.0,72.75
29-05-2025 00:00,59.41,59.68,58.36,58.73,2978490,1749.72,35357,1736879.0,58.31
28-05-2025 00:00,59.7,59.71,58.74,58.87,2392746,1417.39,19415,1541657.0,64.43
27-05-2025 00:00,59.48,59.75,58.45,59.35,2601120,1537.14,16831,1165795.0,44.82
26-05-2025 00:00,58.2,59.28,58.06,59.01,3248520,1913.76,24998,1671821.0,51.46
23-05-2025 00:00,56.8,58.55,56.8,58.05,4708879,2730.11,25797,2829179.0,60.08
22-05-2025 00:00,56.69,57.62,56.3,57.25,2097041,1198.4,20157,1020002.0,48.64
21-05-2025 00:00,56.28,56.72,55.69,56.48,8183419,4584.01,22520,6832148.0,83.49
20-05-2025 00:00,57.41,57.67,56.18,56.48,4497280,2545.01,17330,3347359.0,74.43
19-05-2025 00:00,58.31,58.58,57.15,57.41,3249036,1874.16,26340,2001191.0,61.59
16-05-2025 00:00,57.1,58.25,56.56,58.03,2543823,1471.06,17749,1253809.0,49.29
15-05-2025 00:00,57.13,57.34,56.56,56.91,6378426,3631.65,21464,4771695.0,74.81
14-05-2025 00:00,56.79,57.74,56.56,56.85,2789036,1591.45,22104,1361103.0,48.8
13-05-2025 00:00,57.6,57.7,56.39,56.74,8575984,4864.76,28540,6843608.0,79.8
12-05-2025 00:00,59.69,59.69,56.83,57.6,7036514,4041.19,39719,3852350.0,54.75
09-05-2025 00:00,54.02,57.71,54.02,56.98,5639669,3182.22,33179,1898596.0,33.67
08-05-2025 00:00,57.39,57.77,56.0,56.27,3936933,2243.85,25239,2278416.0,57.87
07-05-2025 00:00,55.0,57.29,54.9,57.12,3197451,1801.33,27393,1507661.0,47.15
06-05-2025 00:00,56.8,57.45,55.92,56.13,3099839,1752.98,20530,2050447.0,66.15
05-05-2025 00:00,56.0,57.15,55.8,56.86,2593625,1471.95,23469,1157353.0,44.62
02-05-2025 00:00,55.76,56.9,55.34,56.0,3915359,2200.07,29179,2172690.0,55.49
30-04-2025 00:00,54.6,56.1,54.55,55.76,5513845,3074.95,27554,3785561.0,68.66
29-04-2025 00:00,56.29,56.5,55.2,55.46,2255539,1253.09,25308,1285870.0,57.01
28-04-2025 00:00,54.5,56.15,54.5,55.92,3269227,1810.52,35300,1974381.0,60.39
25-04-2025 00:00,56.31,56.41,54.67,55.59,8944530,4943.26,41760,5687824.0,63.59
24-04-2025 00:00,56.28,56.78,55.63,56.25,2225204,1251.67,20687,886761.0,39.85
23-04-2025 00:00,56.14,56.7,54.32,56.28,3615546,2013.15,27975,1727769.0,47.79
22-04-2025 00:00,54.45,55.79,53.72,55.53,3741562,2057.41,26118,2166748.0,57.91
21-04-2025 00:00,52.4,54.2,52.4,54.09,2270563,1220.89,17659,1223702.0,53.89
17-04-2025 00:00,53.02,53.64,52.45,52.78,2262386,1200.7,23295,1151742.0,50.91
16-04-2025 00:00,53.29,53.93,52.55,53.02,2719823,1449.09,26568,1292666.0,47.53
15-04-2025 00:00,53.91,54.39,51.97,53.05,5444042,2890.61,32974,2643876.0,48.56
11-04-2025 00:00,52.3,53.21,51.52,52.92,3478365,1833.95,21236,1912949.0,55.0
09-04-2025 00:00,51.57,51.57,50.5,51.27,1469440,749.31,17676,748236.0,50.92
08-04-2025 00:00,50.3,51.59,50.13,51.46,3417384,1739.08,28516,1576415.0,46.13
07-04-2025 00:00,47.28,50.6,47.0,50.25,5543064,2738.35,46760,2300247.0,41.5
04-04-2025 00:00,51.84,52.03,50.25,51.43,3116102,1588.09,24047,1620386.0,52.0
03-04-2025 00:00,50.4,52.15,50.4,51.88,2399039,1232.94,20047,935566.0,39.0
02-04-2025 00:00,51.61,51.61,50.29,51.09,2229700,1134.92,16671,895448.0,40.16
01-04-2025 00:00,51.99,52.2,50.64,51.05,3129720,1606.84,26388,1512727.0,48.33
28-03-2025 00:00,53.19,53.77,51.72,52.11,6348023,3310.53,33714,3613730.0,56.93
27-03-2025 00:00,53.45,54.0,52.3,53.0,8514111,4519.09,57875,5244701.0,61.6
26-03-2025 00:00,55.1,55.19,53.3,53.55,6979152,3786.79,42221,4170159.0,59.75
25-03-2025 00:00,56.31,56.63,54.3,54.69,5333695,2932.07,35424,2978994.0,55.85
24-03-2025 00:00,55.0,57.46,54.95,55.96,5916873,3327.3,39446,2791927.0,47.19
21-03-2025 00:00,53.05,54.49,52.44,54.22,5747985,3098.29,52637,2848612.0,49.56
20-03-2025 00:00,53.07,54.13,52.5,52.95,5134334,2728.24,34867,3067833.0,59.75
19-03-2025 00:00,52.0,53.89,51.41,52.82,5265152,2750.02,39863,2646618.0,50.27
18-03-2025 00:00,51.29,52.4,51.04,51.56,3964815,2053.01,44795,1897225.0,47.85
17-03-2025 00:00,51.09,51.38,50.51,50.99,2727878,1390.13,26699,1729315.0,63.39
13-03-2025 00:00,50.76,51.19,50.33,50.8,3901960,1983.37,18419,2927496.0,75.03
12-03-2025 00:00,52.01,52.3,50.1,50.7,6633121,3390.0,30743,4544926.0,68.52
11-03-2025 00:00,51.48,52.6,51.35,51.79,4087710,2121.52,51324,2197252.0,53.75
10-03-2025 00:00,52.9,53.4,51.41,52.76,7470195,3897.13,48360,4472407.0,59.87
07-03-2025 00:00,51.46,53.2,50.75,52.55,5475463,2862.53,28357,2883832.0,52.67
06-03-2025 00:00,50.75,51.3,50.42,51.06,3431983,1748.9,25553,1970837.0,57.43
05-03-2025 00:00,48.46,50.3,48.46,50.1,4577117,2287.18,37852,2807978.0,61.35
04-03-2025 00:00,48.15,48.8,46.72,48.56,5563265,2680.77,42186,2463011.0,44.27
03-03-2025 00:00,47.69,48.58,46.4,48.27,7251002,3458.1,65250,4041480.0,55.74
28-02-2025 00:00,46.5,47.44,46.08,47.0,7850197,3683.42,50060,4809135.0,61.26
27-02-2025 00:00,47.99,47.99,46.52,47.25,8112940,3823.07,68554,5640766.0,69.53
25-02-2025 00:00,47.61,48.05,47.0,47.67,7423498,3537.73,90910,4496195.0,60.57
24-02-2025 00:00,49.0,49.0,47.83,47.96,4671941,2254.05,47611,2563803.0,54.88
21-02-2025 00:00,49.75,50.65,48.95,49.1,5631395,2784.97,79150,3647650.0,64.77
20-02-2025 00:00,49.59,50.3,48.87,49.75,6762208,3368.52,63944,4735526.0,70.03
19-02-2025 00:00,48.27,50.0,47.74,49.59,5217484,2570.78,54561,2664050.0,51.06
18-02-2025 00:00,49.22,49.26,47.55,48.27,5981850,2881.26,53083,3697930.0,61.82
17-02-2025 00:00,49.86,50.15,47.75,49.22,8476197,4151.27,82165,4240403.0,50.03
14-02-2025 00:00,51.98,51.98,49.06,49.87,15759697,7859.19,124816,12854327.0,81.56
13-02-2025 00:00,50.7,51.76,50.56,51.38,15694996,8061.65,92539,11955176.0,76.17
12-02-2025 00:00,51.81,51.81,49.61,50.56,12707335,6418.0,102673,9764500.0,76.84
11-02-2025 00:00,54.21,54.24,51.3,51.81,15192427,7876.44,66405,12762100.0,84.0
10-02-2025 00:00,55.5,55.64,53.4,54.21,5338597,2894.49,50350,3872901.0,72.55
07-02-2025 00:00,55.01,56.25,54.76,55.5,14437039,8011.69,59783,12285628.0,85.1
06-02-2025 00:00,56.59,56.88,55.85,56.14,5241851,2942.98,23636,4369490.0,83.36
05-02-2025 00:00,57.1,57.22,56.2,56.49,5310477,3000.83,40021,4245341.0,79.94
04-02-2025 00:00,56.53,57.2,56.2,56.99,4196101,2386.15,32446,2425618.0,57.81
03-02-2025 00:00,56.7,56.92,54.83,56.53,3058677,1725.11,39609,1822718.0,59.59
01-02-2025 00:00,56.13,57.5,55.27,56.7,2441574,1377.75,32748,797362.0,32.66
31-01-2025 00:00,54.61,56.32,54.53,56.13,2437611,1356.86,37430,1359747.0,55.78
30-01-2025 00:00,54.17,54.95,53.78,54.61,6251926,3414.06,24977,5425921.0,86.79
29-01-2025 00:00,53.86,54.9,53.5,54.17,2612752,1413.35,38030,1194395.0,45.71
28-01-2025 00:00,54.74,54.74,52.94,53.86,3062285,1644.69,49783,1461057.0,47.71
27-01-2025 00:00,55.0,55.0,53.0,54.74,4957757,2674.14,65490,2647185.0,53.39
24-01-2025 00:00,56.2,56.35,54.84,55.01,1848938,1021.69,24366,1054223.0,57.02
23-01-2025 00:00,54.71,56.36,54.5,56.05,3019822,1682.83,39487,1638910.0,54.27
22-01-2025 00:00,56.12,56.3,54.31,54.84,4008593,2201.38,51775,2433864.0,60.72
21-01-2025 00:00,56.55,57.39,55.8,56.12,1786797,1007.81,36359,769568.0,43.07
20-01-2025 00:00,56.75,57.0,55.9,56.36,8933615,5034.93,26243,7964352.0,89.15
17-01-2025 00:00,56.77,57.16,56.1,56.53,2212158,1249.31,35188,1037498.0,46.9
16-01-2025 00:00,56.09,57.05,55.84,56.76,2441130,1383.39,48808,1218312.0,49.91
15-01-2025 00:00,55.47,56.39,54.9,55.68,14301462,7963.11,45800,11669943.0,81.6
14-01-2025 00:00,55.3,56.0,54.6,55.33,13134645,7269.79,70342,10776035.0,82.04
13-01-2025 00:00,56.0,56.14,54.2,55.2,10398979,5725.98,122892,6655175.0,64.0
10-01-2025 00:00,57.39,57.42,55.94,56.14,10793766,6113.46,73046,8217399.0,76.13
09-01-2025 00:00,57.4,58.39,56.85,57.34,4875038,2812.7,46395,2784599.0,57.12
08-01-2025 00:00,57.8,57.88,57.0,57.34,5886485,3377.96,24344,4308285.0,73.19
07-01-2025 00:00,58.07,58.28,57.0,57.8,34470089,19928.69,70335,20432646.0,59.28
06-01-2025 00:00,59.47,59.66,57.34,58.07,10602339,6143.03,82377,7826514.0,73.82
03-01-2025 00:00,60.0,60.24,58.92,59.47,13785699,8188.76,99384,9514491.0,69.02
02-01-2025 00:00,59.2,60.3,58.5,59.97,4814314,2857.73,82926,2637737.0,54.79
01-01-2025 00:00,58.4,59.25,57.91,58.94,3801541,2231.23,40830,2365419.0,62.22
31-12-2024 00:00,58.5,58.5,57.5,58.24,4692475,2723.97,49152,3094475.0,65.95
30-12-2024 00:00,58.45,58.67,57.65,57.95,4062228,2355.29,51312,2576373.0,63.42
27-12-2024 00:00,58.35,58.71,57.82,58.43,2017429,1175.78,41715,933413.0,46.27
26-12-2024 00:00,59.0,59.4,58.0,58.15,2921364,1707.56,47861,1578433.0,54.03
24-12-2024 00:00,59.1,59.21,58.31,58.67,3713302,2176.48,41421,1887398.0,50.83
23-12-2024 00:00,59.81,60.24,58.63,58.99,6161762,3660.1,73530,3001627.0,48.71
20-12-2024 00:00,61.94,62.48,59.49,59.94,5752939,3489.31,65912,3746681.0,65.13
19-12-2024 00:00,61.2,62.25,61.1,62.0,1971718,1216.24,35791,1030970.0,52.29
18-12-2024 00:00,62.55,62.75,62.1,62.27,2769521,1727.43,34747,1906307.0,68.83
17-12-2024 00:00,62.8,62.99,62.0,62.36,5648927,3534.45,59331,4330123.0,76.65
16-12-2024 00:00,64.0,64.3,62.51,62.67,4847049,3049.56,66361,3053529.0,63.0
13-12-2024 00:00,64.59,64.66,63.22,63.9,2360220,1507.2,39989,1133300.0,48.02
12-12-2024 00:00,65.0,65.74,64.25,64.43,2272864,1471.37,27239,1179125.0,51.88
11-12-2024 00:00,65.71,65.74,64.31,65.39,4950911,3211.69,51252,2359700.0,47.66
10-12-2024 00:00,63.2,66.2,62.6,65.15,7299701,4688.37,33939,4443415.0,60.87
09-12-2024 00:00,63.06,63.25,62.55,62.85,5794000,3641.91,28966,4294160.0,74.11
06-12-2024 00:00,64.1,64.1,62.94,63.06,4597403,2907.44,43373,2602261.0,56.6
05-12-2024 00:00,63.95,64.1,63.52,63.8,1665206,1062.46,24043,827278.0,49.68
04-12-2024 00:00,64.37,64.41,63.03,63.75,2551354,1628.55,25203,1530973.0,60.01
03-12-2024 00:00,63.88,64.1,63.3,63.68,3992577,2548.15,36623,2606022.0,65.27
02-12-2024 00:00,63.99,64.49,63.21,63.96,2728930,1740.92,48090,1440883.0,52.8
29-11-2024 00:00,63.73,64.15,63.62,63.99,2633453,1684.95,57627,1620648.0,61.54
28-11-2024 00:00,64.2,64.55,63.48,63.81,3341629,2139.75,52312,1631948.0,48.84
27-11-2024 00:00,62.72,64.4,62.6,64.16,3881633,2460.77,36901,2462763.0,63.45
26-11-2024 00:00,62.39,62.73,62.16,62.57,3641522,2274.89,40640,2287953.0,62.83
25-11-2024 00:00,62.41,64.02,61.42,62.04,5857369,3686.24,67276,3249081.0,55.47
22-11-2024 00:00,61.49,62.45,61.39,61.84,3826609,2364.8,43850,2385645.0,62.34
21-11-2024 00:00,61.03,62.0,61.0,61.49,5359410,3300.44,67137,3268974.0,61.0
19-11-2024 00:00,60.68,61.94,60.68,61.47,13026766,8013.12,66216,11319391.0,86.89
18-11-2024 00:00,60.0,61.85,60.0,61.02,3242583,1981.23,54559,1674153.0,51.63
14-11-2024 00:00,60.28,61.33,60.1,60.93,5841352,3546.97,82349,2890766.0,49.49
13-11-2024 00:00,62.0,62.4,60.01,60.28,4636825,2810.09,51617,2578581.0,55.61
12-11-2024 00:00,63.3,63.69,62.02,62.23,1953221,1230.82,31392,940498.0,48.15
11-11-2024 00:00,62.0,63.45,61.4,63.25,4255627,2665.7,54785,2325137.0,54.64
08-11-2024 00:00,64.64,64.64,63.5,64.01,1934111,1238.81,27663,991050.0,51.24
07-11-2024 00:00,64.8,65.3,64.2,64.38,2128051,1376.21,27509,997894.0,46.89
06-11-2024 00:00,64.53,65.44,64.01,64.8,2759890,1786.38,37691,1348539.0,48.86
05-11-2024 00:00,65.75,65.79,63.76,64.26,3495317,2263.27,62624,1793216.0,51.3
04-11-2024 00:00,65.0,66.38,63.55,65.75,12218942,8005.04,92169,4754728.0,38.91
01-11-2024 00:00,63.6,64.06,63.19,63.97,828932,529.96,10769,527426.0,63.63
31-10-2024 00:00,62.52,62.96,61.95,62.8,4235015,2651.29,51324,2443361.0,57.69
30-10-2024 00:00,61.39,63.4,61.11,62.52,2611833,1634.33,35579,1255144.0,48.06
29-10-2024 00:00,62.3,62.69,61.02,61.23,3164381,1952.3,36913,1500729.0,47.43
28-10-2024 00:00,62.0,63.0,60.85,62.3,5673122,3508.88,54811,2472120.0,43.58
25-10-2024 00:00,63.19,63.37,61.97,62.41,4316475,2701.71,45852,1882386.0,43.61
24-10-2024 00:00,64.2,64.2,62.75,63.0,3639631,2301.94,37703,2229723.0,61.26
23-10-2024 00:00,63.5,64.49,61.95,63.94,6334831,4025.26,39375,3065654.0,48.39
22-10-2024 00:00,63.51,64.01,62.64,63.15,7331873,4623.35,68408,5384347.0,73.44
21-10-2024 00:00,64.4,64.65,63.25,63.59,3492414,2224.89,45109,2051516.0,58.74
18-10-2024 00:00,63.98,64.34,62.97,64.14,3481317,2221.25,33519,2089165.0,60.01
17-10-2024 00:00,64.6,64.81,63.55,63.85,5602872,3584.21,46333,4024139.0,71.82
16-10-2024 00:00,64.38,65.47,63.93,64.49,3359345,2180.45,34874,1638804.0,48.78
15-10-2024 00:00,65.25,65.98,63.52,64.38,21793993,14021.32,93403,16462535.0,75.54
14-10-2024 00:00,66.34,66.34,64.91,64.99,4532882,2967.69,59596,3249519.0,71.69
11-10-2024 00:00,66.88,66.9,65.12,65.93,7199905,4733.12,46822,5296683.0,73.57
10-10-2024 00:00,66.75,67.14,65.87,65.97,3956926,2624.33,44966,2461101.0,62.2
09-10-2024 00:00,66.9,67.78,66.35,66.7,10862096,7270.35,85995,8255492.0,76.0
08-10-2024 00:00,66.44,66.44,64.59,65.99,7117943,4689.09,57192,4746226.0,66.68
07-10-2024 00:00,67.8,68.1,65.11,65.92,6986523,4620.12,73460,4332240.0,62.01
04-10-2024 00:00,68.24,68.58,66.42,67.46,13495355,9133.64,64977,9854160.0,73.02
03-10-2024 00:00,69.1,69.81,67.87,68.24,8052250,5557.35,93539,5733422.0,71.2
01-10-2024 00:00,71.5,71.86,69.81,70.18,7624525,5364.2,56596,5259677.0,68.98
30-09-2024 00:00,72.44,73.06,70.57,71.22,10751208,7732.39,85780,7175746.0,66.74
27-09-2024 00:00,72.5,72.8,71.55,72.44,9009260,6509.2,97466,5896831.0,65.45
26-09-2024 00:00,72.2,72.4,71.25,72.29,6860252,4936.38,42664,3511652.0,51.19
25-09-2024 00:00,70.5,71.63,70.07,71.22,5438688,3854.97,42778,3156444.0,58.04
24-09-2024 00:00,69.86,72.48,69.18,70.86,9492325,6747.82,61021,4424741.0,46.61
23-09-2024 00:00,69.26,69.95,69.26,69.61,2358783,1642.63,31688,1352077.0,57.32
20-09-2024 00:00,70.08,70.2,69.0,69.18,4099721,2852.92,42912,2525651.0,61.61
19-09-2024 00:00,70.45,70.5,68.73,69.52,3259405,2268.55,48004,1862935.0,57.16
18-09-2024 00:00,69.69,70.5,69.6,69.98,4129293,2890.81,34909,2219591.0,53.75
17-09-2024 00:00,70.31,70.31,69.6,69.69,3289033,2297.93,35203,2041230.0,62.06
16-09-2024 00:00,70.0,70.25,69.43,69.93,3124459,2182.0,50383,1968377.0,63.0
13-09-2024 00:00,69.05,69.8,68.9,69.52,2979301,2069.87,26523,1886762.0,63.33
12-09-2024 00:00,69.55,69.79,68.9,69.0,5304811,3676.31,66184,3599116.0,67.85
11-09-2024 00:00,69.99,70.13,69.6,69.73,2922522,2038.91,42423,1887166.0,64.57
10-09-2024 00:00,69.62,70.5,69.62,69.91,3422032,2397.38,47328,2199513.0,64.28
09-09-2024 00:00,69.91,70.15,68.56,69.37,3054766,2116.34,46849,1767656.0,57.87
06-09-2024 00:00,70.0,70.95,69.43,69.91,5526687,3879.78,38163,3167439.0,57.31
05-09-2024 00:00,70.22,70.72,69.95,69.97,2980720,2091.93,31643,1813687.0,60.85
04-09-2024 00:00,70.3,70.33,69.95,70.06,1837537,1288.32,25898,1196865.0,65.13
03-09-2024 00:00,70.35,70.85,70.29,70.47,2165926,1527.66,32322,1291954.0,59.65
02-09-2024 00:00,70.66,70.72,69.9,70.25,2824916,1982.28,29894,1695173.0,60.01
30-08-2024 00:00,70.5,70.73,70.04,70.43,3473007,2443.07,33467,2264244.0,65.2
29-08-2024 00:00,70.35,70.69,69.71,70.15,3805489,2664.83,30929,2208898.0,58.05
28-08-2024 00:00,71.8,71.93,69.55,70.02,6479523,4562.94,56259,4659971.0,71.92
27-08-2024 00:00,70.98,71.95,70.3,71.8,6139507,4364.93,38864,3807686.0,62.02
26-08-2024 00:00,71.59,71.8,70.55,70.68,4148235,2936.51,50381,2760134.0,66.54
23-08-2024 00:00,72.54,73.05,70.42,70.8,5790822,4151.85,47238,3732790.0,64.46
22-08-2024 00:00,72.27,72.95,72.27,72.54,2688261,1952.55,33215,1608713.0,59.84
21-08-2024 00:00,72.0,72.51,71.58,72.27,2769471,1995.12,30059,1456453.0,52.59
20-08-2024 00:00,71.94,72.75,71.77,71.97,3928466,2837.48,43084,2194967.0,55.87
19-08-2024 00:00,70.88,72.64,70.6,71.83,7412990,5322.47,58739,4976870.0,67.14
16-08-2024 00:00,69.34,71.28,68.71,70.48,9629240,6772.59,94930,6024858.0,62.57
14-08-2024 00:00,69.6,69.9,68.1,69.01,4433304,3047.75,49996,2159189.0,48.7
13-08-2024 00:00,71.51,71.7,69.71,69.9,3960844,2798.21,45260,2404855.0,60.72
12-08-2024 00:00,71.26,71.98,70.71,71.46,5817534,4141.1,57857,3231034.0,55.54
09-08-2024 00:00,73.44,73.44,71.14,71.26,4020053,2900.75,42471,2036917.0,50.67
08-08-2024 00:00,71.66,72.29,70.87,72.0,4831601,3459.37,38268,2446417.0,50.63
07-08-2024 00:00,72.8,72.8,70.05,71.57,7933060,5643.13,63662,4071840.0,51.33
06-08-2024 00:00,71.88,73.32,69.75,71.1,19752299,14107.54,134378,11489556.0,58.17
05-08-2024 00:00,71.8,72.36,69.41,70.06,9226984,6521.25,97653,5181788.0,56.16
02-08-2024 00:00,72.4,74.45,72.09,73.02,5947130,4364.32,42008,3346614.0,56.27
01-08-2024 00:00,74.29,74.34,73.03,73.3,3722616,2737.78,39391,2259317.0,60.69
31-07-2024 00:00,74.85,75.45,73.61,73.86,5180708,3849.73,48680,2977042.0,57.46
30-07-2024 00:00,75.6,76.1,74.5,74.71,4378949,3294.05,44132,2463704.0,56.26
29-07-2024 00:00,75.3,77.0,74.55,75.39,6053949,4572.94,46390,2966653.0,49.0
26-07-2024 00:00,74.94,75.69,72.81,75.21,6849813,5131.88,68175,3466029.0,50.6
25-07-2024 00:00,72.8,74.75,72.23,74.19,4820818,3544.7,36801,2698382.0,55.97
24-07-2024 00:00,71.85,73.43,71.62,73.0,4219781,3062.91,32577,1991616.0,47.2
23-07-2024 00:00,72.99,72.99,69.6,71.78,4144608,2967.44,44103,1786202.0,43.1
22-07-2024 00:00,72.84,73.55,71.55,72.58,3843136,2790.83,43984,2083901.0,54.22
19-07-2024 00:00,74.4,74.44,71.75,72.59,6521914,4731.72,61825,3629509.0,55.65
18-07-2024 00:00,76.0,76.0,73.8,74.45,6859502,5114.57,72831,4076127.0,59.42
16-07-2024 00:00,76.1,76.45,75.2,75.72,9058029,6877.0,55896,6104924.0,67.4
15-07-2024 00:00,74.99,76.02,74.51,75.75,10940783,8241.21,73225,7063954.0,64.57
12-07-2024 00:00,73.13,74.74,72.98,74.09,11540057,8541.96,64228,7297977.0,63.24
11-07-2024 00:00,72.5,73.63,72.3,72.8,8622346,6308.02,39521,5837872.0,67.71
10-07-2024 00:00,72.6,73.12,70.85,72.42,15042765,10890.43,68356,10035652.0,66.71
09-07-2024 00:00,72.44,73.49,72.0,72.32,6541899,4758.72,54232,3599065.0,55.02
08-07-2024 00:00,73.5,73.77,70.8,71.91,12363406,8867.78,83234,7293816.0,59.0
05-07-2024 00:00,73.75,74.16,73.07,73.39,5574842,4102.3,80470,3085678.0,55.35
04-07-2024 00:00,73.38,74.48,72.92,73.11,6202474,4564.11,70766,3265038.0,52.64
03-07-2024 00:00,73.78,73.89,72.81,73.12,5394850,3954.37,82021,2953634.0,54.75
02-07-2024 00:00,74.6,74.64,72.6,72.89,8954771,6567.49,74774,4998048.0,55.81
01-07-2024 00:00,75.35,76.0,74.01,74.21,6887017,5154.82,52830,3746996.0,54.41
28-06-2024 00:00,74.2,75.6,73.59,75.31,10901625,8135.73,84638,6036586.0,55.37
27-06-2024 00:00,75.46,75.84,74.0,74.16,7352086,5506.1,69693,4026785.0,54.77
26-06-2024 00:00,75.5,77.5,75.2,75.44,11052126,8430.52,73839,4076802.0,36.89
25-06-2024 00:00,76.5,77.8,75.4,75.61,13418926,10277.65,116764,6513095.0,48.54
24-06-2024 00:00,76.0,76.43,74.9,76.0,9705433,7335.38,108653,5133674.0,52.89
21-06-2024 00:00,76.45,77.45,74.75,76.09,14270279,10853.39,142301,7458005.0,52.26
20-06-2024 00:00,77.2,77.33,75.6,75.83,11254642,8572.53,89318,5573399.0,49.52
19-06-2024 00:00,79.81,80.0,76.21,76.74,32664759,25239.65,116158,19870950.0,60.83
18-06-2024 00:00,75.0,79.0,74.8,78.75,46566741,36143.47,220472,19306462.0,41.46
14-06-2024 00:00,72.8,76.64,72.66,73.91,33930446,25376.37,149285,14184487.0,41.8
13-06-2024 00:00,69.06,74.3,68.64,72.62,41475778,29965.77,185417,17376744.0,41.9
12-06-2024 00:00,69.19,69.25,68.35,69.02,5145040,3542.99,57751,2768898.0,53.82
11-06-2024 00:00,69.4,69.4,68.6,68.74,5165550,3561.65,45704,2756715.0,53.37
10-06-2024 00:00,68.4,68.9,67.63,68.59,8773409,5979.59,78746,5028641.0,57.32
07-06-2024 00:00,67.3,68.2,67.1,67.9,5588158,3781.84,45332,3335671.0,59.69
06-06-2024 00:00,65.7,67.5,64.5,67.15,9856887,6565.29,44545,5429294.0,55.08
05-06-2024 00:00,64.6,65.05,62.35,64.15,13895908,8843.12,79495,7818951.0,56.27
04-06-2024 00:00,67.95,67.95,62.3,64.55,7598325,4933.97,65230,3355861.0,44.17
03-06-2024 00:00,70.0,70.35,67.15,67.65,7910136,5391.8,39202,4269716.0,53.98
31-05-2024 00:00,67.2,68.0,66.7,67.65,5777880,3889.75,32266,3402544.0,58.89
30-05-2024 00:00,66.8,67.7,66.25,66.7,6322140,4219.57,39573,3570908.0,56.48
29-05-2024 00:00,67.0,67.65,66.35,66.6,4449745,2978.14,29625,2832955.0,63.67
28-05-2024 00:00,68.2,68.25,66.65,67.1,4951933,3332.64,27736,3002303.0,60.63
27-05-2024 00:00,68.65,68.65,67.65,67.85,4407682,2998.99,36437,2282569.0,51.79
24-05-2024 00:00,68.55,69.3,67.8,68.05,5932398,4053.31,43077,3790739.0,63.9
23-05-2024 00:00,68.55,68.75,68.15,68.35,2814825,1925.5,32701,1518795.0,53.96
22-05-2024 00:00,69.75,69.75,68.25,68.45,4175890,2867.73,35020,2342657.0,56.1
21-05-2024 00:00,69.75,69.75,68.2,69.25,6691918,4615.49,53718,3753996.0,56.1
18-05-2024 00:00,69.0,69.95,69.0,69.2,911414,632.3,4509,736380.0,80.8
17-05-2024 00:00,71.0,71.0,68.35,68.65,13861145,9595.26,54168,7981852.0,57.58
16-05-2024 00:00,69.35,70.9,67.85,69.5,10250575,7086.12,49880,4635455.0,45.22
15-05-2024 00:00,68.25,69.15,68.1,68.65,2769402,1901.82,26430,1434408.0,51.79
14-05-2024 00:00,67.3,68.6,67.3,68.2,3345485,2277.25,33474,1692716.0,50.6
13-05-2024 00:00,67.5,67.95,66.15,67.15,2624380,1759.33,19536,1128470.0,43.0
10-05-2024 00:00,68.55,68.7,67.1,67.5,2717478,1841.44,21430,1651107.0,60.76
09-05-2024 00:00,69.5,69.65,67.8,68.55,5498546,3788.82,35314,2840053.0,51.65
08-05-2024 00:00,67.5,69.3,67.35,68.95,3957120,2701.65,27805,2043934.0,51.65
07-05-2024 00:00,68.65,68.95,67.3,68.0,4340356,2952.25,33227,2409363.0,55.51
06-05-2024 00:00,68.7,68.95,67.8,68.65,3366832,2298.94,26353,1945780.0,57.79
03-05-2024 00:00,69.0,69.25,67.9,68.45,3568212,2439.63,38853,1891397.0,53.01
02-05-2024 00:00,69.45,69.65,68.6,68.9,2798240,1932.53,18924,1591914.0,56.89
30-04-2024 00:00,69.7,69.95,69.0,69.05,3065858,2125.24,27683,2010018.0,65.56
29-04-2024 00:00,70.0,70.4,69.15,69.55,3909962,2727.1,43871,2341485.0,59.89
26-04-2024 00:00,70.25,71.05,69.25,69.55,7235105,5063.71,32248,4165699.0,57.58
25-04-2024 00:00,71.1,71.3,69.8,70.2,7057576,4974.09,38388,3970728.0,56.26
24-04-2024 00:00,71.55,72.2,70.6,70.95,5747195,4107.84,34279,2757905.0,47.99
23-04-2024 00:00,69.7,72.35,69.5,71.1,12651886,9044.32,59467,5848740.0,46.23
22-04-2024 00:00,70.55,70.55,69.4,69.6,5140844,3591.5,40284,2808501.0,54.63
19-04-2024 00:00,70.0,70.7,67.85,70.15,7012503,4889.88,42817,3013666.0,42.98
18-04-2024 00:00,70.95,71.3,69.65,70.05,10532241,7412.47,58092,5825863.0,55.31
16-04-2024 00:00,68.45,72.4,67.55,70.8,22830741,16233.41,72686,13817056.0,60.52
15-04-2024 00:00,67.4,69.45,65.85,68.85,7989068,5441.27,48349,3746303.0,46.89
12-04-2024 00:00,69.45,70.2,68.35,69.6,7764632,5378.55,38771,4102433.0,52.83
10-04-2024 00:00,68.85,69.5,68.35,68.8,5854158,4027.77,42789,3421355.0,58.44
09-04-2024 00:00,70.3,70.65,68.2,68.35,4091225,2826.82,25203,2391158.0,58.45
08-04-2024 00:00,70.7,70.7,69.3,69.95,3694375,2577.83,38008,1920931.0,52.0
05-04-2024 00:00,71.0,71.55,69.9,70.35,5915620,4190.11,25450,3226834.0,54.55
04-04-2024 00:00,71.2,71.3,69.35,70.6,8440570,5943.31,44030,4163266.0,49.32
03-04-2024 00:00,68.75,70.9,68.0,70.65,9320043,6486.2,52429,4815509.0,51.67
02-04-2024 00:00,68.2,68.75,67.6,68.55,5279226,3599.18,25326,2825953.0,53.53
01-04-2024 00:00,66.7,67.85,66.2,67.5,5736739,3859.08,24079,2965494.0,51.69
28-03-2024 00:00,66.0,66.8,64.85,66.1,9917465,6499.31,47600,5015318.0,50.57
27-03-2024 00:00,64.9,67.3,64.8,65.3,10730915,7089.07,53494,4749527.0,44.26
26-03-2024 00:00,63.8,65.15,63.45,64.8,7513967,4823.11,36907,4468260.0,59.47
22-03-2024 00:00,62.85,64.1,62.6,63.95,4906880,3114.71,27315,2486504.0,50.67
21-03-2024 00:00,62.4,63.15,62.0,62.75,6351171,3966.8,26510,3986658.0,62.77
20-03-2024 00:00,62.55,62.95,61.1,61.5,5138478,3168.14,33215,2690316.0,52.36
19-03-2024 00:00,62.7,63.2,61.3,61.9,5894794,3667.05,34040,3021186.0,51.25
18-03-2024 00:00,62.9,64.3,62.05,62.25,9547931,5987.21,41072,5336119.0,55.89
15-03-2024 00:00,63.9,64.8,62.0,62.4,12363582,7739.56,46178,8505031.0,68.79
14-03-2024 00:00,61.1,64.25,60.15,63.6,15326210,9681.65,53094,9640905.0,62.9
13-03-2024 00:00,64.65,65.95,61.0,61.55,16784016,10482.59,75384,10010073.0,59.64
12-03-2024 00:00,66.15,66.4,63.15,64.65,11008793,7109.13,46461,6486626.0,58.92
11-03-2024 00:00,68.1,68.1,65.8,66.15,7118007,4725.03,41474,3896821.0,54.75
07-03-2024 00:00,68.5,70.1,67.2,67.7,8234972,5640.76,42302,4712994.0,57.23
06-03-2024 00:00,70.8,71.3,69.0,70.1,6233509,4355.6,30217,2859771.0,45.88
05-03-2024 00:00,70.5,71.35,69.55,70.4,6887156,4852.58,32055,2903279.0,42.15
04-03-2024 00:00,71.7,71.7,69.65,69.95,7378249,5175.71,42983,4097427.0,55.53
02-03-2024 00:00,70.3,71.7,70.1,71.45,838558,596.92,6064,601367.0,71.71
01-03-2024 00:00,70.35,71.8,69.6,70.0,7044064,4953.39,28275,4053384.0,57.54
29-02-2024 00:00,70.7,70.7,68.7,70.15,6245432,4362.88,34408,2850764.0,45.65
28-02-2024 00:00,72.2,73.05,70.05,71.05,6408974,4575.55,31765,3487300.0,54.41
27-02-2024 00:00,73.0,73.7,71.5,72.0,8458136,6147.99,40898,4005326.0,47.35
26-02-2024 00:00,71.0,72.85,70.55,72.45,8385228,6023.89,37615,3684983.0,43.95
23-02-2024 00:00,71.55,71.55,70.0,70.25,4342821,3062.63,25683,2282416.0,52.56
22-02-2024 00:00,70.1,71.4,68.85,71.2,5420500,3809.12,27117,2246041.0,41.44
21-02-2024 00:00,72.0,72.15,69.7,69.95,5355085,3773.33,36762,3076665.0,57.45
20-02-2024 00:00,73.25,73.3,71.3,71.75,5139753,3695.0,35469,2796079.0,54.4
19-02-2024 00:00,72.8,73.75,72.6,73.1,5880072,4290.11,52509,3178658.0,54.06
16-02-2024 00:00,70.1,74.8,70.1,72.35,21335722,15548.37,72897,8743385.0,40.98
15-02-2024 00:00,70.35,71.0,69.2,70.6,7412758,5196.73,61441,3253398.0,43.89
14-02-2024 00:00,67.45,69.95,66.35,69.8,10625115,7326.85,53709,4962621.0,46.71
13-02-2024 00:00,66.55,69.4,64.6,67.5,10542174,6998.6,54317,4922068.0,46.69
12-02-2024 00:00,69.35,69.85,66.0,66.55,8050300,5437.41,44344,3132090.0,38.91
09-02-2024 00:00,72.0,72.1,67.85,68.95,12601579,8712.06,52328,6235602.0,49.48
08-02-2024 00:00,71.95,72.7,69.85,71.75,17287587,12339.84,66400,9374025.0,54.22
07-02-2024 00:00,73.3,73.85,70.2,70.5,11851314,8444.17,54571,6522339.0,55.03
06-02-2024 00:00,72.5,74.8,71.7,72.9,23309947,17051.57,82558,11044994.0,47.38
05-02-2024 00:00,69.8,73.85,69.3,70.95,26921460,19412.42,82660,12135867.0,45.08
02-02-2024 00:00,71.15,72.2,69.0,69.4,22935135,16136.43,77565,10195898.0,44.46
01-02-2024 00:00,66.35,71.45,66.25,69.95,65055289,45268.74,151202,22908944.0,35.21
31-01-2024 00:00,64.5,65.75,63.35,65.05,17288754,11170.44,51335,8539861.0,49.4
30-01-2024 00:00,62.15,65.5,62.0,63.5,17952800,11522.62,54452,8260294.0,46.01
29-01-2024 00:00,61.5,61.95,61.35,61.7,4795514,2955.45,30093,2694139.0,56.18
25-01-2024 00:00,61.7,62.7,60.25,60.95,6365883,3909.55,27204,3704460.0,58.19
24-01-2024 00:00,61.4,61.85,60.35,61.7,3471056,2128.69,29774,1854599.0,53.43
23-01-2024 00:00,62.8,63.0,61.3,61.45,5397988,3339.73,37145,3201299.0,59.31
20-01-2024 00:00,61.6,62.7,61.35,62.6,2426350,1508.05,13121,1449976.0,59.76
19-01-2024 00:00,62.0,62.65,61.2,61.6,5790031,3570.43,44530,3377968.0,58.34
18-01-2024 00:00,61.55,62.25,60.45,61.55,6630691,4067.67,39782,4138580.0,62.42
17-01-2024 00:00,62.5,63.0,61.55,61.9,6129243,3815.53,40336,3713747.0,60.59
16-01-2024 00:00,64.0,64.15,62.1,62.9,4022216,2544.27,33143,2198168.0,54.65
15-01-2024 00:00,63.5,64.0,63.15,63.55,4641928,2951.91,36905,2503330.0,53.93
12-01-2024 00:00,63.95,64.45,62.8,63.1,6504992,4113.37,36279,3718682.0,57.17
11-01-2024 00:00,65.9,65.9,63.4,63.6,9374264,6038.21,35931,5783390.0,61.69
10-01-2024 00:00,64.95,65.4,63.8,64.25,6123191,3950.58,32970,3367414.0,54.99
09-01-2024 00:00,65.2,65.75,64.7,64.9,6651332,4331.84,30849,3798789.0,57.11
08-01-2024 00:00,66.55,66.75,64.4,64.65,13686834,8950.73,48664,6802050.0,49.7
05-01-2024 00:00,62.7,66.0,62.1,65.65,41498481,26829.0,111777,22712960.0,54.73
04-01-2024 00:00,61.65,62.4,61.65,62.0,4766000,2951.86,19681,2794148.0,58.63
03-01-2024 00:00,61.8,62.6,61.0,61.5,20314444,12501.23,32277,13122523.0,64.6
02-01-2024 00:00,62.3,63.05,61.2,61.55,12295620,7617.84,43761,6817209.0,55.44
01-01-2024 00:00,62.25,63.3,61.7,62.15,8090211,5035.33,32963,3444472.0,42.58
29-12-2023 00:00,61.35,63.6,61.0,61.75,14976917,9322.54,51155,7294565.0,48.71
28-12-2023 00:00,61.15,61.75,60.1,61.1,7466337,4536.49,36588,3932917.0,52.68
27-12-2023 00:00,60.95,61.45,60.0,61.0,5512070,3359.95,23640,3433579.0,62.29
26-12-2023 00:00,61.85,61.95,60.65,60.75,4688059,2857.39,23027,3363333.0,71.74
22-12-2023 00:00,60.3,62.0,60.2,61.45,5859591,3595.31,18768,3085479.0,52.66
21-12-2023 00:00,59.9,60.65,59.1,60.2,10121658,6089.67,28478,6734125.0,66.53
20-12-2023 00:00,62.0,62.65,59.4,60.1,9809175,6055.66,45071,6066549.0,61.85
19-12-2023 00:00,61.85,62.2,61.25,61.75,11188544,6881.26,25355,8140430.0,72.76
18-12-2023 00:00,61.15,61.85,60.5,61.55,6181944,3792.1,36496,3676501.0,59.47
15-12-2023 00:00,60.75,61.2,60.55,60.85,4619985,2812.4,24381,2362528.0,51.14
14-12-2023 00:00,60.8,61.1,59.95,60.3,7924596,4781.84,40170,4480623.0,56.54
13-12-2023 00:00,61.8,62.1,59.9,60.3,6694344,4056.73,39073,4444960.0,66.4
12-12-2023 00:00,62.3,63.15,61.05,61.4,5386822,3349.15,35904,2564761.0,47.61
11-12-2023 00:00,62.5,62.6,61.6,61.8,6977193,4320.59,44172,4113305.0,58.95
08-12-2023 00:00,61.5,62.15,60.75,61.9,6619525,4070.18,33594,3585005.0,54.16
07-12-2023 00:00,61.0,61.7,60.25,61.1,3478124,2126.28,21660,1669759.0,48.01
06-12-2023 00:00,61.5,62.15,59.95,60.4,7123107,4330.2,28193,4080080.0,57.28
05-12-2023 00:00,62.2,62.6,60.9,61.15,5701692,3520.81,25598,3785607.0,66.39
04-12-2023 00:00,62.5,62.7,61.0,61.7,7644292,4699.02,25472,5564034.0,72.79
01-12-2023 00:00,62.0,62.35,60.95,61.35,7074229,4347.3,31200,5346680.0,75.58
30-11-2023 00:00,60.7,61.95,60.3,61.6,7002497,4290.9,44730,5009255.0,71.54
29-11-2023 00:00,60.9,61.55,60.35,60.65,3157618,1921.68,30671,1765588.0,55.92
28-11-2023 00:00,60.4,61.25,60.0,60.7,3085483,1875.28,18080,1661904.0,53.86
24-11-2023 00:00,60.5,60.85,60.0,60.15,1747406,1054.18,15095,894112.0,51.17
23-11-2023 00:00,59.35,61.25,59.35,60.35,4481366,2711.19,23158,2137041.0,47.69
22-11-2023 00:00,60.4,60.8,59.0,59.1,2946611,1754.58,30554,1711875.0,58.1
21-11-2023 00:00,61.0,61.0,60.1,60.4,2046618,1239.92,15287,1154779.0,56.42
20-11-2023 00:00,59.75,61.0,59.35,60.65,8487909,5082.36,33421,6052091.0,71.3
17-11-2023 00:00,59.9,60.1,59.4,59.5,2779875,1654.27,18993,1907078.0,68.6
16-11-2023 00:00,60.35,60.45,59.75,59.9,2118735,1271.0,17418,1461478.0,68.98
15-11-2023 00:00,59.1,60.75,59.1,60.2,4886971,2927.16,23433,2884964.0,59.03
13-11-2023 00:00,59.7,59.7,58.7,58.85,3640519,2146.66,25405,2358102.0,64.77
12-11-2023 00:00,59.4,59.8,59.15,59.65,869568,518.74,11156,684519.0,78.72
10-11-2023 00:00,58.1,59.1,58.0,58.75,3211831,1885.76,23350,1680364.0,52.32
09-11-2023 00:00,59.55,59.95,57.95,58.1,6294981,3688.37,30151,4347382.0,69.06
08-11-2023 00:00,60.2,60.45,59.0,59.55,3066826,1825.33,22230,1622355.0,52.9
07-11-2023 00:00,59.0,60.9,58.7,59.9,5706514,3427.63,22952,3065016.0,53.71
06-11-2023 00:00,59.25,59.25,57.85,58.8,8388984,4905.54,31973,5091855.0,60.7
03-11-2023 00:00,59.1,59.25,58.2,58.3,8280632,4867.53,28480,5902153.0,71.28
02-11-2023 00:00,59.1,59.8,58.4,58.65,5209857,3073.72,27775,2987562.0,57.34
01-11-2023 00:00,61.5,61.85,58.8,59.1,6232371,3751.89,27724,2589332.0,41.55
31-10-2023 00:00,60.5,61.3,59.4,59.95,3159920,1906.22,20390,1630379.0,51.6
30-10-2023 00:00,61.35,61.45,59.2,60.1,2713026,1637.66,17000,1387985.0,51.16
27-10-2023 00:00,59.6,62.75,59.6,61.2,5162113,3182.76,29125,2293787.0,44.44
26-10-2023 00:00,59.55,60.35,58.4,59.5,6719084,3998.69,28066,3793016.0,56.45
25-10-2023 00:00,61.85,62.2,59.4,60.0,5088000,3077.99,30140,3304942.0,64.96
23-10-2023 00:00,63.45,63.6,60.8,61.45,3147765,1957.35,22134,1880801.0,59.75
20-10-2023 00:00,64.05,64.6,62.5,63.05,2397164,1518.87,19863,1211291.0,50.53
19-10-2023 00:00,62.0,64.2,61.7,63.85,3475293,2198.22,24721,1853008.0,53.32
18-10-2023 00:00,63.0,63.0,61.95,62.4,1976611,1233.21,32364,1218339.0,61.64
17-10-2023 00:00,63.1,63.6,62.85,62.95,1747310,1101.95,21345,928793.0,53.16
16-10-2023 00:00,62.4,62.95,61.9,62.75,4075682,2547.78,24188,3104333.0,76.17
13-10-2023 00:00,61.9,62.35,61.6,62.0,4066271,2520.18,14482,3068241.0,75.46
12-10-2023 00:00,62.75,63.05,61.85,61.95,1965958,1223.75,19265,1326006.0,67.45
11-10-2023 00:00,63.9,63.9,62.5,62.75,3543087,2228.72,37837,2009480.0,56.72
10-10-2023 00:00,61.5,63.8,61.5,63.4,4109781,2563.48,22463,2793163.0,67.96
09-10-2023 00:00,61.1,62.05,59.75,61.5,4278772,2614.62,27343,2656836.0,62.09
06-10-2023 00:00,62.0,62.2,61.7,61.9,1613896,999.57,24805,849577.0,52.64
05-10-2023 00:00,63.2,63.5,61.8,61.95,3771260,2355.28,39747,2498245.0,66.24
04-10-2023 00:00,63.95,64.0,62.5,63.0,2388781,1506.92,19646,1431748.0,59.94
03-10-2023 00:00,64.7,64.75,62.9,63.95,4310325,2740.18,25041,2221085.0,51.53
29-09-2023 00:00,63.4,64.9,63.0,64.45,2811414,1802.78,17617,1466479.0,52.16
28-09-2023 00:00,64.15,64.55,62.85,63.05,2206033,1400.22,20872,1244199.0,56.4
27-09-2023 00:00,63.25,64.4,62.1,64.0,3571991,2259.25,30660,1914904.0,53.61
26-09-2023 00:00,64.2,64.4,63.2,63.3,2600082,1656.74,20775,1412895.0,54.34
25-09-2023 00:00,64.3,64.35,62.85,63.85,3181150,2024.46,20713,1737658.0,54.62
22-09-2023 00:00,63.8,64.2,62.65,63.75,2924382,1852.69,27430,1540486.0,52.68
21-09-2023 00:00,64.85,64.85,63.75,63.9,3000224,1922.23,27907,1766961.0,58.89
20-09-2023 00:00,65.0,65.65,64.4,64.9,2238402,1453.08,20080,1131468.0,50.55
18-09-2023 00:00,66.15,66.15,64.8,65.05,2200054,1434.24,17824,1135139.0,51.6
15-09-2023 00:00,65.65,66.0,64.15,65.7,3328333,2165.11,25760,1802922.0,54.17
14-09-2023 00:00,64.5,66.0,64.25,65.25,2772670,1807.21,22862,1261440.0,45.5
13-09-2023 00:00,63.7,64.7,61.35,63.9,4346248,2733.31,28989,1883104.0,43.33
12-09-2023 00:00,67.5,67.5,62.75,63.8,6537762,4215.99,35176,3416387.0,52.26
11-09-2023 00:00,67.5,67.5,66.1,66.95,6234231,4162.4,43429,3791430.0,60.82
08-09-2023 00:00,66.75,67.0,65.8,66.7,6159456,4093.6,29831,3353110.0,54.44
07-09-2023 00:00,65.95,66.95,64.65,66.0,6385622,4220.0,33287,3658021.0,57.29
06-09-2023 00:00,66.7,66.75,64.5,65.45,3898291,2546.38,34709,1985066.0,50.92
05-09-2023 00:00,66.5,67.45,64.8,65.45,6250516,4134.0,38535,3519579.0,56.31
04-09-2023 00:00,66.85,68.0,65.2,65.95,6586836,4359.78,39582,3491987.0,53.01
01-09-2023 00:00,62.65,67.1,62.2,65.95,18667742,12222.13,60782,9260565.0,49.61
31-08-2023 00:00,59.6,62.45,59.5,62.1,12085026,7434.74,37859,7406808.0,61.29
30-08-2023 00:00,59.65,60.15,59.1,59.55,2748034,1638.78,24648,1394559.0,50.75
29-08-2023 00:00,60.05,60.2,59.1,59.15,5897771,3516.15,30239,4166726.0,70.65
28-08-2023 00:00,60.1,60.3,59.65,60.0,2589401,1553.22,20193,1528514.0,59.03
25-08-2023 00:00,59.85,60.4,59.35,59.6,3311154,1979.84,17078,1805121.0,54.52
24-08-2023 00:00,59.95,60.3,59.15,59.95,4630798,2766.07,17330,2566962.0,55.43
23-08-2023 00:00,60.0,60.7,59.15,59.5,15142912,9086.26,18801,12278975.0,81.09
22-08-2023 00:00,60.0,60.25,59.1,59.7,6051227,3600.63,23826,4334140.0,71.62
21-08-2023 00:00,60.3,60.3,58.6,59.7,6213644,3688.14,40858,3296208.0,53.05
18-08-2023 00:00,59.65,60.0,58.9,59.55,4093642,2423.42,18719,2377498.0,58.08
17-08-2023 00:00,61.1,61.15,58.9,59.65,5870819,3491.86,25393,3764679.0,64.13
16-08-2023 00:00,59.15,61.05,58.65,60.65,4463696,2666.1,40566,2971997.0,66.58
14-08-2023 00:00,59.2,60.1,58.15,59.4,3001252,1773.68,24358,1489999.0,49.65
11-08-2023 00:00,60.7,60.75,59.1,59.2,3420698,2033.36,25103,1938786.0,56.68
10-08-2023 00:00,60.8,60.8,60.2,60.5,2229632,1346.84,13884,1222021.0,54.81
09-08-2023 00:00,60.0,60.65,59.55,60.45,2464174,1480.06,16713,1369437.0,55.57
08-08-2023 00:00,60.3,60.9,59.8,60.4,6485985,3905.78,38575,4385568.0,67.62
07-08-2023 00:00,60.9,61.0,60.0,60.3,2720787,1640.16,22064,1757647.0,64.6
04-08-2023 00:00,59.9,61.0,59.5,60.5,6274492,3793.69,27776,4074672.0,64.94
03-08-2023 00:00,60.0,60.1,59.15,59.65,4548715,2711.63,25875,3107270.0,68.31
02-08-2023 00:00,59.95,60.25,58.7,59.95,6969135,4161.8,51834,4199346.0,60.26
01-08-2023 00:00,60.95,60.95,59.35,59.55,7814079,4662.81,24273,5041595.0,64.52
31-07-2023 00:00,59.0,59.8,57.6,58.55,16386779,9517.13,38488,12814592.0,78.2
28-07-2023 00:00,60.3,61.45,58.55,58.85,7244924,4318.61,31072,3502134.0,48.34
27-07-2023 00:00,62.5,62.85,60.05,60.15,5738501,3485.15,28606,3357050.0,58.5
26-07-2023 00:00,62.0,62.95,60.65,62.15,14070518,8680.26,47512,8197546.0,58.26
25-07-2023 00:00,58.3,62.65,58.15,61.9,41088343,24740.85,62275,31355276.0,76.31
24-07-2023 00:00,58.0,58.65,57.8,57.95,15882171,9220.2,26477,14081635.0,88.66
21-07-2023 00:00,58.4,58.45,57.8,57.9,6227111,3610.86,21125,4999555.0,80.29
20-07-2023 00:00,58.2,59.1,58.0,58.45,3868405,2267.29,17445,1933779.0,49.99
19-07-2023 00:00,58.75,58.75,58.2,58.35,1905173,1113.06,18303,942486.0,49.47
18-07-2023 00:00,59.0,59.1,58.15,58.55,7727822,4519.31,13304,6336225.0,81.99
17-07-2023 00:00,58.4,59.45,58.25,58.65,16288304,9596.38,26673,13490654.0,82.82
14-07-2023 00:00,58.25,58.8,57.8,58.05,4006674,2327.15,15239,2726360.0,68.05
13-07-2023 00:00,58.55,59.2,57.7,57.8,11289146,6606.04,32147,8596199.0,76.15
12-07-2023 00:00,58.55,58.85,58.0,58.15,2907204,1694.55,26280,1667490.0,57.36
11-07-2023 00:00,58.15,58.9,57.95,58.55,3419854,2005.47,24209,1960091.0,57.32
10-07-2023 00:00,58.95,59.0,57.7,57.85,2215701,1287.4,15673,1111082.0,50.15
07-07-2023 00:00,57.7,58.75,57.6,58.35,3760820,2193.56,21134,2461496.0,65.45
06-07-2023 00:00,58.65,58.9,57.9,58.15,5548900,3233.69,36717,4145864.0,74.72
05-07-2023 00:00,58.5,59.3,58.0,58.4,7018048,4113.3,56418,4319920.0,61.55
04-07-2023 00:00,57.6,58.75,57.35,58.15,6884130,4013.63,33513,4664703.0,67.76
03-07-2023 00:00,58.2,58.35,57.35,57.85,2437299,1407.72,23260,1381261.0,56.67
30-06-2023 00:00,56.9,58.0,56.6,57.7,14041353,8044.34,39444,11396777.0,81.17
28-06-2023 00:00,56.75,57.2,56.45,56.6,6631045,3759.2,16272,5657282.0,85.32
27-06-2023 00:00,56.75,56.95,56.05,56.55,3872933,2186.23,25830,2719229.0,70.21
26-06-2023 00:00,56.05,56.95,55.9,56.75,2579253,1456.42,27760,1441549.0,55.89
23-06-2023 00:00,57.75,57.75,55.35,56.55,3180465,1812.53,18907,1878591.0,59.07
22-06-2023 00:00,57.5,58.0,56.9,57.85,3755394,2161.84,36112,2153274.0,57.34
21-06-2023 00:00,58.3,58.3,57.2,57.4,4465128,2569.48,28605,2849664.0,63.82
20-06-2023 00:00,57.65,58.8,57.3,58.3,5553364,3226.02,22761,3640302.0,65.55
19-06-2023 00:00,58.25,58.25,57.1,57.75,3976004,2295.18,20017,2580053.0,64.89
16-06-2023 00:00,57.9,58.4,56.95,57.7,4397095,2538.93,23418,1687480.0,38.38
15-06-2023 00:00,57.6,58.1,56.1,57.5,14102599,8036.12,35015,10371901.0,73.55
14-06-2023 00:00,59.0,59.2,57.45,57.6,5225382,3027.25,27432,2362563.0,45.21
13-06-2023 00:00,57.75,59.4,57.6,58.5,5287510,3103.21,23850,3043780.0,57.57
12-06-2023 00:00,58.2,58.3,57.6,57.75,1513412,874.73,11646,943496.0,62.34
09-06-2023 00:00,57.75,58.5,57.3,58.2,5154044,2984.12,17851,3621247.0,70.26
08-06-2023 00:00,57.8,58.0,57.5,57.65,1887576,1088.98,20004,1142170.0,60.51
07-06-2023 00:00,58.3,58.3,57.25,57.55,5829437,3375.85,21581,4338402.0,74.42
06-06-2023 00:00,58.3,58.3,57.0,58.0,4761320,2742.42,21649,2826441.0,59.36
05-06-2023 00:00,58.75,58.85,57.9,58.1,5511266,3211.04,31715,3605258.0,65.42
02-06-2023 00:00,58.5,59.1,57.55,58.35,5547937,3249.57,33798,2806869.0,50.59
01-06-2023 00:00,58.0,58.6,57.65,58.1,3506798,2040.78,25856,1974217.0,56.3
31-05-2023 00:00,57.9,58.5,57.4,57.85,8099709,4708.51,64720,5783449.0,71.4
30-05-2023 00:00,57.15,58.9,57.0,57.65,6619891,3834.08,36978,3539080.0,53.46
29-05-2023 00:00,56.6,57.7,56.5,56.95,4927537,2821.05,26002,2773758.0,56.29
26-05-2023 00:00,56.0,56.8,55.9,56.25,4968006,2802.87,21283,3376666.0,67.97
25-05-2023 00:00,55.75,56.25,55.55,55.9,4296037,2404.55,24156,2795857.0,65.08
24-05-2023 00:00,56.7,57.3,55.4,55.5,5238415,2946.03,40351,3372042.0,64.37
23-05-2023 00:00,55.6,56.9,55.2,56.15,32848205,18421.8,38868,28052607.0,85.4
22-05-2023 00:00,55.45,55.75,54.75,55.1,8977264,4956.37,39023,6639329.0,73.96
19-05-2023 00:00,55.55,56.5,54.75,54.95,5630932,3116.58,30633,2287978.0,40.63
18-05-2023 00:00,55.6,55.8,55.25,55.5,1582571,878.86,18827,985143.0,62.25
17-05-2023 00:00,55.0,55.85,54.5,55.25,4279124,2340.24,17182,3569646.0,83.42
16-05-2023 00:00,55.7,55.9,54.9,55.05,1637884,903.42,13909,902847.0,55.12
15-05-2023 00:00,56.0,56.0,54.95,55.5,1404609,778.64,10667,821074.0,58.46
12-05-2023 00:00,56.45,56.6,55.6,55.85,1428115,799.77,15940,889696.0,62.3
11-05-2023 00:00,56.6,56.85,56.0,56.45,2756187,1553.33,25778,1371102.0,49.75
10-05-2023 00:00,55.25,55.9,55.0,55.75,3352785,1860.35,25347,1969795.0,58.75
09-05-2023 00:00,52.75,55.55,52.55,54.95,10727175,5893.39,37873,6019081.0,56.11
08-05-2023 00:00,54.1,54.15,52.1,52.6,9178617,4875.86,18014,7775111.0,84.71
05-05-2023 00:00,53.0,54.0,52.6,53.7,1908875,1017.87,10358,1151070.0,60.3
04-05-2023 00:00,53.0,53.9,52.6,52.8,7192705,3838.25,11331,6127150.0,85.19
03-05-2023 00:00,52.8,53.55,52.3,53.2,15192142,8094.19,21797,13835432.0,91.07
02-05-2023 00:00,54.0,54.3,52.1,52.85,2675499,1431.16,18312,1521244.0,56.86
28-04-2023 00:00,52.7,53.9,52.45,53.75,3519418,1880.47,19828,2167453.0,61.59
27-04-2023 00:00,52.8,53.8,52.35,52.65,5797282,3068.48,23880,3831586.0,66.09
26-04-2023 00:00,51.3,52.85,50.55,52.45,5529301,2862.17,23725,3711601.0,67.13
25-04-2023 00:00,50.6,51.5,50.2,51.3,2915188,1481.58,15008,1529158.0,52.45
24-04-2023 00:00,50.7,51.0,50.1,50.5,3729070,1881.51,22703,2310387.0,61.96
21-04-2023 00:00,50.0,50.85,49.8,50.45,3887252,1962.28,8414,3262020.0,83.92
20-04-2023 00:00,49.75,50.65,49.5,50.15,2367414,1185.0,11433,1511871.0,63.86
19-04-2023 00:00,50.1,50.65,49.8,49.95,2685517,1348.08,19748,1939427.0,72.22
18-04-2023 00:00,50.9,51.05,49.9,50.0,3746427,1889.4,12191,2850345.0,76.08
17-04-2023 00:00,50.7,51.35,49.55,50.8,3502919,1759.73,16690,2453504.0,70.04
13-04-2023 00:00,51.0,51.5,49.8,50.7,7577863,3870.75,23756,6488528.0,85.62
12-04-2023 00:00,50.7,51.55,50.3,50.9,6705864,3425.87,21031,5422097.0,80.86
11-04-2023 00:00,50.0,50.9,49.5,50.65,7772655,3910.15,15753,6896117.0,88.72
10-04-2023 00:00,51.1,51.1,49.65,49.95,7109885,3551.48,29981,5915370.0,83.2
06-04-2023 00:00,49.6,51.25,49.1,51.05,5866288,2971.18,25382,4331644.0,73.84
05-04-2023 00:00,50.45,50.45,49.4,49.65,3002334,1495.24,32251,1980234.0,65.96
03-04-2023 00:00,48.65,51.0,47.8,49.85,1730872,851.73,10302,1177265.0,68.02
31-03-2023 00:00,47.6,48.9,47.2,48.25,5019901,2402.99,32611,3738469.0,74.47
29-03-2023 00:00,46.75,47.55,46.0,47.35,4175334,1954.06,25071,2800320.0,67.07
28-03-2023 00:00,47.05,47.35,46.4,46.8,1678092,787.95,12637,1119208.0,66.7
27-03-2023 00:00,47.7,47.7,46.5,47.3,1468160,691.55,12916,827355.0,56.35
24-03-2023 00:00,47.5,48.15,47.1,47.65,1576494,753.12,22120,784963.0,49.79
23-03-2023 00:00,47.0,48.2,46.6,47.7,4431760,2108.5,19367,2952913.0,66.63
22-03-2023 00:00,47.3,47.75,46.6,47.45,1822141,856.5,18818,942546.0,51.73
21-03-2023 00:00,46.8,47.5,45.85,47.05,2883474,1336.51,17779,1644897.0,57.05
20-03-2023 00:00,46.25,47.05,45.15,46.55,5599531,2581.0,31808,3511315.0,62.71
17-03-2023 00:00,46.85,47.55,46.0,46.25,1851308,861.04,18407,903182.0,48.79
16-03-2023 00:00,47.2,48.0,46.0,46.55,8369979,3932.7,57391,5266463.0,62.92
15-03-2023 00:00,47.35,48.0,47.25,47.85,2032145,968.66,12307,1208384.0,59.46
14-03-2023 00:00,47.25,47.95,46.55,47.2,2452305,1151.16,24272,1276708.0,52.06
13-03-2023 00:00,48.75,48.85,46.8,47.35,8831544,4172.06,60420,5878309.0,66.56
10-03-2023 00:00,48.4,49.65,48.4,49.1,4073280,2005.21,38817,2344765.0,57.56
09-03-2023 00:00,50.15,50.15,48.85,48.95,4313214,2124.82,47217,3061812.0,70.99
08-03-2023 00:00,50.15,50.3,49.45,50.05,1653279,825.79,14638,878190.0,53.12
06-03-2023 00:00,49.95,50.15,49.5,49.9,2857448,1425.58,21531,1853652.0,64.87
03-03-2023 00:00,50.45,50.5,49.5,49.7,4980364,2483.67,41025,3679524.0,73.88
02-03-2023 00:00,50.35,50.4,49.95,50.25,1209803,607.62,9386,539220.0,44.57
01-03-2023 00:00,49.6,50.6,49.4,50.3,1450955,729.8,11690,660488.0,45.52
28-02-2023 00:00,49.55,50.5,49.05,49.5,7397534,3648.27,27922,5843939.0,79.0
27-02-2023 00:00,49.85,50.1,49.1,49.55,1594155,788.72,16580,717444.0,45.0
24-02-2023 00:00,50.2,50.6,49.2,49.85,4816196,2395.72,25005,3241106.0,67.3
23-02-2023 00:00,49.85,50.15,49.35,49.95,4875451,2426.49,30511,3245917.0,66.58
22-02-2023 00:00,50.35,50.35,49.35,49.85,3188875,1582.96,28442,2178993.0,68.33
21-02-2023 00:00,51.25,51.45,50.15,50.35,4890223,2469.32,31207,3398882.0,69.5
20-02-2023 00:00,50.85,51.65,50.5,51.25,4514082,2310.44,23987,2518747.0,55.8
17-02-2023 00:00,50.65,51.0,49.8,50.8,6812525,3431.84,28119,4481940.0,65.79
16-02-2023 00:00,53.05,53.4,50.05,50.55,11343128,5788.38,68088,6760612.0,59.6
15-02-2023 00:00,51.85,52.1,51.2,51.7,2017611,1038.82,20152,1095076.0,54.28
14-02-2023 00:00,52.7,53.95,51.8,52.1,2566347,1337.12,28921,1459245.0,56.86
13-02-2023 00:00,53.7,53.85,51.5,52.4,4261101,2224.85,28617,2908723.0,68.26
10-02-2023 00:00,52.8,54.0,52.35,53.7,2902237,1549.61,13342,1857840.0,64.01
09-02-2023 00:00,53.65,53.9,52.15,52.45,3613439,1899.32,28097,2389619.0,66.13
08-02-2023 00:00,51.0,53.95,50.35,53.65,4254613,2250.48,30033,2442378.0,57.41
07-02-2023 00:00,53.0,53.4,50.6,51.35,6871043,3537.06,23604,5086802.0,74.03
06-02-2023 00:00,52.65,53.7,52.25,53.0,3143141,1667.18,11013,1936894.0,61.62
03-02-2023 00:00,52.15,52.7,51.05,52.35,2188733,1133.25,17227,1295133.0,59.17
02-02-2023 00:00,51.5,52.85,51.15,51.9,4545543,2356.91,34446,2824804.0,62.14
01-02-2023 00:00,51.75,54.15,50.9,51.5,9205134,4860.61,42970,4727920.0,51.36
31-01-2023 00:00,51.45,51.75,50.4,51.45,5378308,2753.44,44224,3223301.0,59.93
30-01-2023 00:00,51.1,51.8,50.15,51.1,5596489,2859.25,33343,3722726.0,66.52
27-01-2023 00:00,51.0,51.85,48.7,51.2,13369269,6738.1,60017,9185122.0,68.7
25-01-2023 00:00,50.65,51.2,49.9,50.85,4950265,2495.2,32040,3198786.0,64.62
24-01-2023 00:00,51.1,51.15,50.3,50.65,9259730,4690.26,33242,6661132.0,71.94
23-01-2023 00:00,51.5,51.8,50.05,51.1,3995138,2020.64,28258,2326112.0,58.22
20-01-2023 00:00,51.7,51.9,50.8,51.2,1772778,911.92,16769,1019690.0,57.52
19-01-2023 00:00,51.85,52.0,51.15,51.45,1863280,961.48,16505,1230471.0,66.04
18-01-2023 00:00,52.05,52.35,51.8,52.0,12329919,6413.33,16103,10266821.0,83.27
17-01-2023 00:00,51.95,52.65,51.65,52.0,5684675,2955.81,24504,4471779.0,78.66
16-01-2023 00:00,52.4,52.8,51.8,52.15,4558520,2376.74,18846,2871954.0,63.0
13-01-2023 00:00,52.8,52.8,49.75,52.0,27757957,14203.32,64769,21054711.0,75.85
12-01-2023 00:00,54.2,54.35,52.15,52.5,8548988,4516.14,47188,5736036.0,67.1
11-01-2023 00:00,55.35,55.4,53.5,53.9,4741646,2566.97,28212,3439954.0,72.55
10-01-2023 00:00,55.45,55.9,54.95,55.1,1505761,833.92,15413,995644.0,66.12
09-01-2023 00:00,55.7,56.1,54.95,55.6,6615801,3686.44,25066,5306045.0,80.2
06-01-2023 00:00,56.5,57.05,54.7,55.1,3719971,2057.97,23601,2763178.0,74.28
05-01-2023 00:00,56.85,57.0,56.05,56.7,1684149,949.46,18889,987444.0,58.63
04-01-2023 00:00,57.75,57.8,56.5,56.65,2244573,1272.9,20389,1526014.0,67.99
03-01-2023 00:00,58.25,58.75,57.35,57.5,5934425,3453.59,22041,4988266.0,84.06
02-01-2023 00:00,58.35,58.75,57.85,58.15,1589575,927.3,13947,1050752.0,66.1
30-12-2022 00:00,58.5,58.9,58.0,58.3,1602372,937.98,9926,985209.0,61.48
29-12-2022 00:00,57.5,58.2,57.25,57.85,3536364,2047.43,23438,2820921.0,79.77
28-12-2022 00:00,59.15,59.25,57.7,57.9,3616049,2107.93,17551,2613966.0,72.29
27-12-2022 00:00,57.6,59.7,57.3,59.05,2093963,1231.13,14956,1030343.0,49.21
26-12-2022 00:00,55.9,59.0,54.8,57.1,3082821,1772.14,29847,1425259.0,46.23
23-12-2022 00:00,56.95,56.95,54.3,55.9,14832618,8222.14,49149,12603152.0,84.97
22-12-2022 00:00,58.0,58.25,56.2,57.4,2435859,1387.65,28010,1599795.0,65.68
21-12-2022 00:00,58.65,59.35,57.5,57.8,1948682,1141.06,27506,1279204.0,65.64
20-12-2022 00:00,58.5,58.8,57.6,58.5,3866600,2247.37,25361,2954426.0,76.41
19-12-2022 00:00,59.4,59.4,57.95,58.45,5531641,3242.86,23698,4939601.0,89.3
16-12-2022 00:00,60.1,60.6,58.3,58.9,2864136,1702.21,24837,1870394.0,65.3
15-12-2022 00:00,62.05,62.85,60.5,60.8,1853553,1143.91,20634,1248512.0,67.36
14-12-2022 00:00,61.35,63.4,61.05,62.3,7786019,4873.11,51646,4858216.0,62.4
13-12-2022 00:00,59.55,61.65,59.35,60.95,4320161,2610.83,25191,2808049.0,65.0
12-12-2022 00:00,60.2,60.45,58.9,59.2,4178169,2493.08,26018,2778666.0,66.5
09-12-2022 00:00,60.1,60.35,59.6,60.05,1609780,967.42,14038,996949.0,61.93
08-12-2022 00:00,60.35,60.4,59.7,60.05,1202132,722.47,13329,771359.0,64.17
07-12-2022 00:00,60.5,60.65,59.8,60.05,1790131,1074.83,19594,1090167.0,60.9
06-12-2022 00:00,60.8,61.0,60.1,60.5,3508505,2119.22,19534,2652384.0,75.6
05-12-2022 00:00,60.5,61.0,59.9,60.8,2173218,1319.79,17492,1527950.0,70.31
02-12-2022 00:00,60.0,60.4,59.05,60.2,2698366,1616.11,31654,1679195.0,62.23
01-12-2022 00:00,61.7,61.7,60.0,60.05,3511167,2117.45,24565,2523606.0,71.87
30-11-2022 00:00,60.05,62.3,59.7,61.45,8233966,5005.5,24031,6359287.0,77.23
29-11-2022 00:00,59.75,60.65,59.65,60.05,6848467,4107.35,19815,5506008.0,80.4
28-11-2022 00:00,57.2,60.1,57.05,59.75,6092457,3597.63,26680,4400280.0,72.23
25-11-2022 00:00,58.25,58.4,56.9,57.05,1918634,1105.2,15930,1420705.0,74.05
24-11-2022 00:00,57.95,58.5,57.55,58.0,1750156,1015.66,13974,1047379.0,59.84
23-11-2022 00:00,58.25,58.35,57.1,57.6,2025665,1165.92,21037,1489594.0,73.54
22-11-2022 00:00,58.0,58.2,57.4,58.0,1386850,803.34,11459,1073626.0,77.41
21-11-2022 00:00,59.3,59.3,57.5,57.95,4210775,2451.83,27363,3197057.0,75.93
18-11-2022 00:00,60.8,60.8,58.35,59.05,2559228,1514.66,28193,1327437.0,51.87
17-11-2022 00:00,60.95,61.5,59.8,60.5,2405309,1454.9,30620,977463.0,40.64
16-11-2022 00:00,65.0,71.15,60.15,60.65,14143868,8788.66,104608,6079641.0,42.98
15-11-2022 00:00,83.55,83.55,68.1,83.0,2919993,2415.97,33438,2038970.0,69.83
14-11-2022 00:00,83.75,84.1,82.0,82.95,2728754,2274.15,36630,1588137.0,58.2
11-11-2022 00:00,83.95,84.25,82.65,83.05,2318136,1936.52,25248,1401474.0,60.46
10-11-2022 00:00,83.0,83.2,81.35,82.6,1781644,1468.06,27379,1139975.0,63.98
09-11-2022 00:00,84.0,84.1,82.1,83.0,2801865,2322.89,37419,1725833.0,61.6
07-11-2022 00:00,82.0,83.7,81.65,82.7,2803783,2309.39,24492,1688338.0,60.22
04-11-2022 00:00,81.25,81.8,80.6,81.0,5898557,4786.56,30356,4438929.0,75.25
03-11-2022 00:00,82.0,82.8,80.35,81.25,5342300,4351.11,27333,4237787.0,79.33
02-11-2022 00:00,82.7,83.45,81.7,82.4,2351545,1941.21,23509,1387778.0,59.02
01-11-2022 00:00,84.4,85.65,81.9,82.65,10010599,8340.86,45066,7181490.0,71.74
31-10-2022 00:00,84.95,89.4,84.55,87.5,8267553,7228.72,55424,3797786.0,45.94
28-10-2022 00:00,86.25,87.7,80.9,84.35,2760439,2365.91,27746,1748887.0,63.36
27-10-2022 00:00,86.75,87.1,85.5,86.25,3019357,2604.63,45778,2415149.0,79.99
25-10-2022 00:00,86.25,87.25,85.7,86.3,1095353,946.9,32003,700920.0,63.99
24-10-2022 00:00,86.75,87.3,86.15,86.85,286712,249.05,5407,201588.0,70.31
21-10-2022 00:00,88.1,88.3,85.1,85.6,3042795,2612.49,45070,1897487.0,62.36
20-10-2022 00:00,89.0,89.25,87.3,87.65,1342945,1179.27,26210,736706.0,54.86
19-10-2022 00:00,87.45,89.9,87.2,89.15,2359465,2089.6,30157,1389313.0,58.88
18-10-2022 00:00,88.8,89.6,86.8,87.1,1719818,1507.22,49347,980823.0,57.03
17-10-2022 00:00,88.95,89.2,88.15,88.65,814677,722.36,20085,386687.0,47.47
14-10-2022 00:00,88.0,90.65,87.65,88.75,2403533,2137.93,22148,1313984.0,54.67
13-10-2022 00:00,85.95,88.0,85.75,87.25,2746967,2392.63,39854,1616890.0,58.86
12-10-2022 00:00,86.0,87.1,85.65,85.95,1506149,1296.86,36530,841609.0,55.88
11-10-2022 00:00,87.0,87.4,85.15,85.7,1802649,1560.74,35886,1138938.0,63.18
10-10-2022 00:00,87.0,88.25,86.15,86.8,1826490,1593.56,31406,933056.0,51.08
07-10-2022 00:00,87.8,88.15,86.8,87.05,2210023,1927.37,37788,1617829.0,73.2
06-10-2022 00:00,88.0,89.5,87.55,87.8,2191228,1932.82,49023,1135239.0,51.81
04-10-2022 00:00,88.65,88.65,86.75,87.2,1982588,1738.0,39682,1215803.0,61.32
03-10-2022 00:00,87.6,89.1,86.7,87.55,6430820,5641.54,37910,4637203.0,72.11
30-09-2022 00:00,87.2,88.6,85.35,87.5,7628317,6617.95,60645,4270274.0,55.98
29-09-2022 00:00,86.4,88.45,84.75,86.65,5137185,4427.86,31296,3129317.0,60.92
28-09-2022 00:00,89.0,89.8,84.15,84.75,9190825,7973.74,53032,3559471.0,38.73
27-09-2022 00:00,85.8,86.4,83.65,84.3,3312620,2811.36,22992,2228116.0,67.26
26-09-2022 00:00,84.35,85.9,82.0,84.6,6545341,5499.44,41634,4259658.0,65.08
23-09-2022 00:00,89.45,89.45,85.5,86.0,2198523,1916.23,37266,1140767.0,51.89
22-09-2022 00:00,86.45,89.5,85.85,88.85,3786210,3320.22,34354,1782116.0,47.07
21-09-2022 00:00,88.0,90.25,86.15,86.8,3653192,3225.42,28729,1643486.0,44.99
20-09-2022 00:00,88.35,89.65,87.2,87.8,1657215,1458.4,20303,675990.0,40.79
19-09-2022 00:00,89.45,90.3,87.4,87.95,2846975,2514.76,25354,1361591.0,47.83
16-09-2022 00:00,91.5,91.5,85.2,86.8,46905250,40845.02,60142,36524389.0,77.87
15-09-2022 00:00,90.5,92.0,89.3,91.05,3455737,3128.65,35577,2062231.0,59.68
14-09-2022 00:00,89.5,91.15,89.05,89.95,7071218,6382.99,40231,5181463.0,73.28
13-09-2022 00:00,90.45,91.75,89.8,91.25,9812046,8946.23,39932,7707869.0,78.56
12-09-2022 00:00,92.05,92.05,89.35,89.7,5331954,4809.88,50678,3299710.0,61.89
09-09-2022 00:00,91.0,94.05,90.65,91.1,13080791,12032.13,53188,8424448.0,64.4
08-09-2022 00:00,85.95,93.75,85.5,89.7,17990399,16137.26,83599,8503475.0,47.27
07-09-2022 00:00,84.2,87.0,83.8,84.75,8558897,7306.85,41069,4831136.0,56.45
06-09-2022 00:00,84.85,86.15,83.8,84.35,8337476,7095.55,38568,5358404.0,64.27
05-09-2022 00:00,82.6,84.95,81.15,83.3,7164658,5985.29,36677,3816977.0,53.28
02-09-2022 00:00,80.35,84.6,80.05,81.8,16423982,13462.89,49355,12770497.0,77.76
01-09-2022 00:00,81.4,83.4,79.1,79.55,5504919,4450.42,37510,3017830.0,54.82
30-08-2022 00:00,79.5,87.65,79.05,81.5,10749362,8846.5,61153,5287187.0,49.19
29-08-2022 00:00,78.0,79.5,77.55,78.3,3993551,3125.66,24066,2812721.0,70.43
26-08-2022 00:00,80.0,80.85,79.9,79.95,1915892,1535.64,22764,973121.0,50.79
25-08-2022 00:00,79.8,81.2,78.15,79.7,8691268,6907.51,36791,5695541.0,65.53
24-08-2022 00:00,80.8,82.0,79.05,79.4,4331696,3480.41,38234,2192241.0,50.61
23-08-2022 00:00,78.2,80.8,77.75,80.25,9149543,7276.53,43203,6992923.0,76.43
22-08-2022 00:00,78.0,79.0,77.6,78.15,2989637,2339.31,37009,1626275.0,54.4
19-08-2022 00:00,80.2,80.5,76.75,78.0,5014295,3946.67,38394,3406651.0,67.94
18-08-2022 00:00,79.9,82.0,79.2,79.6,3549318,2850.68,32072,2022372.0,56.98
17-08-2022 00:00,80.65,80.95,79.35,79.9,3048428,2436.58,28323,1580100.0,51.83
16-08-2022 00:00,78.95,81.6,78.35,80.25,6534623,5245.95,44050,3234864.0,49.5
12-08-2022 00:00,78.05,78.6,77.4,78.3,1521151,1189.7,21272,677282.0,44.52
11-08-2022 00:00,80.7,80.9,78.4,78.9,6006151,4782.15,28910,4004411.0,66.67
10-08-2022 00:00,79.0,80.8,78.75,79.85,5292212,4207.53,36166,3784658.0,71.51
05-08-2022 00:00,80.1,84.4,79.05,79.45,8896646,7221.32,64313,3259171.0,36.63
04-08-2022 00:00,77.75,79.9,76.3,79.45,6198585,4844.24,35416,4301804.0,69.4
03-08-2022 00:00,77.5,79.4,77.2,77.5,3349041,2612.94,24616,2213664.0,66.1
02-08-2022 00:00,77.1,78.45,76.1,77.5,2575239,1987.58,21425,1609341.0,62.49
01-08-2022 00:00,77.5,79.0,76.8,77.15,2767238,2152.26,33506,1657610.0,59.9
29-07-2022 00:00,80.05,80.45,76.4,77.3,3550442,2785.14,20623,2388443.0,67.27
28-07-2022 00:00,80.3,81.3,79.5,79.9,2694779,2163.66,20240,1725589.0,64.03
27-07-2022 00:00,79.9,80.65,78.7,79.9,2093221,1672.09,25347,1254783.0,59.95
26-07-2022 00:00,80.6,80.6,78.6,79.9,2445065,1940.27,23689,1528374.0,62.51
25-07-2022 00:00,80.95,82.2,79.2,80.25,2073154,1668.19,17126,924716.0,44.6
22-07-2022 00:00,81.65,81.7,79.65,80.6,2430643,1960.31,21097,1072737.0,44.13
21-07-2022 00:00,77.75,82.7,77.0,81.55,5511842,4394.17,26130,3137321.0,56.92
20-07-2022 00:00,77.7,78.9,76.6,77.8,2890505,2248.91,19507,1735678.0,60.05
19-07-2022 00:00,79.9,79.9,75.55,76.5,3825906,2958.65,27278,1970100.0,51.49
18-07-2022 00:00,80.5,81.65,79.3,79.65,3435504,2753.81,57820,2033966.0,59.2
15-07-2022 00:00,79.3,81.3,79.1,79.9,5393530,4314.73,24783,3911900.0,72.53
14-07-2022 00:00,77.0,79.3,77.0,78.9,4664221,3651.0,35973,3201879.0,68.65
13-07-2022 00:00,77.6,78.25,76.7,77.35,2055050,1590.67,38746,1168224.0,56.85
12-07-2022 00:00,77.9,79.65,76.8,77.35,6282682,4902.28,37215,3586741.0,57.09
11-07-2022 00:00,72.15,79.0,72.15,77.8,6043447,4570.43,30213,3861162.0,63.89
08-07-2022 00:00,74.85,75.85,73.1,73.7,3106973,2316.0,20313,1642626.0,52.87
07-07-2022 00:00,78.55,79.4,74.4,74.85,4719178,3617.84,31430,2722343.0,57.69
06-07-2022 00:00,75.5,78.5,75.0,77.8,6089135,4687.63,29887,3090663.0,50.76
05-07-2022 00:00,74.35,77.8,74.05,75.6,9406058,7115.77,40874,5694075.0,60.54
04-07-2022 00:00,69.9,74.5,69.8,74.1,5417415,3977.58,26615,3446421.0,63.62
01-07-2022 00:00,70.65,70.65,68.95,70.05,2203462,1532.66,19129,1386267.0,62.91
30-06-2022 00:00,69.7,71.8,69.4,70.4,4385425,3090.89,20522,2776409.0,63.31
29-06-2022 00:00,68.0,70.4,67.25,69.85,7327508,5117.67,15561,5356736.0,73.1
28-06-2022 00:00,66.45,69.4,65.2,68.85,9168694,6171.82,16218,7273415.0,79.33
27-06-2022 00:00,68.6,69.5,67.0,67.3,7084828,4850.73,23526,6091422.0,85.98
24-06-2022 00:00,66.9,68.1,65.75,67.95,2235448,1505.9,22326,1386733.0,62.03
23-06-2022 00:00,64.0,66.95,63.15,66.35,2742269,1792.01,35229,1857243.0,67.73
22-06-2022 00:00,63.6,64.1,62.25,63.95,1888007,1199.87,11885,1137954.0,60.27
21-06-2022 00:00,61.45,63.95,60.7,63.7,2497242,1571.7,27266,1471501.0,58.93
20-06-2022 00:00,60.3,61.75,59.3,60.55,2177706,1317.88,17628,1041431.0,47.82
17-06-2022 00:00,61.15,62.15,59.2,60.0,10955082,6594.93,73052,8800205.0,80.33
16-06-2022 00:00,63.3,63.85,60.6,62.45,6236325,3884.91,37048,4129078.0,66.21
15-06-2022 00:00,63.25,64.05,60.6,62.55,13195458,8295.7,60018,10389866.0,78.74
14-06-2022 00:00,63.9,64.55,62.5,63.05,4864551,3097.8,40213,3231294.0,66.43
13-06-2022 00:00,63.5,65.1,63.3,64.0,2797579,1794.98,21705,1564152.0,55.91
10-06-2022 00:00,64.2,66.2,63.9,64.75,19296150,12485.06,51185,17262584.0,89.46
09-06-2022 00:00,64.3,65.85,64.1,65.15,2549272,1657.39,34611,1486970.0,58.33
08-06-2022 00:00,65.0,65.8,64.25,65.35,4723580,3069.29,60585,2705720.0,57.28
07-06-2022 00:00,64.6,65.7,63.1,65.25,4170043,2692.54,27552,2557259.0,61.32
06-06-2022 00:00,64.15,65.95,62.8,65.5,2595473,1667.57,19707,1634905.0,62.99
03-06-2022 00:00,64.2,64.95,62.6,64.1,7358007,4707.07,55663,4972846.0,67.58
02-06-2022 00:00,64.5,64.55,63.4,63.55,3058644,1958.31,46666,2295411.0,75.05
01-06-2022 00:00,66.2,66.65,63.55,64.5,4778728,3092.37,33434,3070238.0,64.25
31-05-2022 00:00,64.0,66.35,63.9,65.6,7387067,4848.32,44340,5086691.0,68.86
30-05-2022 00:00,64.5,65.4,62.75,64.55,3113045,1994.73,24380,2321859.0,74.58
27-05-2022 00:00,61.0,64.25,60.5,63.8,6555193,4103.19,95975,4480219.0,68.35
26-05-2022 00:00,61.5,62.5,59.2,61.9,4228760,2566.92,37616,2467788.0,58.36
25-05-2022 00:00,63.2,63.45,60.15,60.5,4325276,2656.49,51347,2979495.0,68.89
24-05-2022 00:00,63.5,63.5,61.25,62.75,5199484,3223.85,48743,4196588.0,80.71
23-05-2022 00:00,62.7,63.3,61.3,62.5,4399785,2764.22,26562,3457138.0,78.58
20-05-2022 00:00,63.0,63.25,61.65,62.05,4453522,2773.21,60785,3490323.0,78.37
19-05-2022 00:00,61.9,62.9,60.25,62.15,2455948,1512.46,30403,1510187.0,61.49
18-05-2022 00:00,64.7,64.7,62.4,63.3,2230813,1409.71,37071,1356864.0,60.82
17-05-2022 00:00,61.4,63.9,60.3,63.35,2973933,1859.63,31302,1755939.0,59.04
16-05-2022 00:00,63.6,63.6,59.6,61.4,3442740,2097.6,30363,2204367.0,64.03
13-05-2022 00:00,61.2,64.6,61.2,62.45,3354650,2106.36,35142,1986250.0,59.21
12-05-2022 00:00,61.25,62.1,58.65,60.4,7162504,4341.32,59983,4804983.0,67.09
11-05-2022 00:00,65.9,65.95,62.05,63.1,6219377,3928.39,26617,4855068.0,78.06
10-05-2022 00:00,66.0,67.2,64.2,64.85,4323892,2826.57,36687,2959721.0,68.45
09-05-2022 00:00,66.0,67.25,65.0,66.1,4048732,2681.26,27160,2554628.0,63.1
06-05-2022 00:00,67.0,67.9,65.3,67.5,3757367,2518.9,26617,2675088.0,71.2
05-05-2022 00:00,67.4,69.95,66.75,69.55,6621627,4545.5,44855,4731449.0,71.45
04-05-2022 00:00,70.3,70.4,67.0,67.4,2785058,1889.5,63055,2044737.0,73.42
02-05-2022 00:00,68.2,69.9,66.9,69.6,2784419,1913.67,35049,1697200.0,60.95
29-04-2022 00:00,70.75,71.0,68.35,69.5,4832692,3377.7,27284,2974086.0,61.54
28-04-2022 00:00,72.3,72.65,69.0,70.65,4471669,3145.73,29260,2715516.0,60.73
27-04-2022 00:00,73.5,73.95,71.1,71.55,7375668,5363.09,42796,4501483.0,61.03
26-04-2022 00:00,71.4,76.0,68.95,74.3,15921204,11631.95,55036,7463053.0,46.87
25-04-2022 00:00,69.55,72.1,69.35,70.05,6143817,4332.18,36500,3372826.0,54.9
22-04-2022 00:00,68.4,71.6,67.0,71.05,10983404,7624.53,54560,7885577.0,71.8
21-04-2022 00:00,66.7,69.7,66.7,68.95,4794597,3284.49,30233,2997496.0,62.52
20-04-2022 00:00,65.75,66.9,64.6,66.45,5191796,3404.83,39824,3280819.0,63.19
19-04-2022 00:00,69.25,70.0,64.0,65.55,6009175,4040.16,36866,3574312.0,59.48
18-04-2022 00:00,72.0,72.5,68.55,68.9,8575398,6002.8,42875,4921070.0,57.39
13-04-2022 00:00,69.5,73.8,69.0,73.05,8610420,6153.59,30517,4283906.0,49.75
12-04-2022 00:00,72.95,73.35,68.0,69.3,6975535,4892.86,42650,5020903.0,71.98
11-04-2022 00:00,72.5,74.8,69.6,72.95,21456841,15638.78,94595,14731940.0,68.66
08-04-2022 00:00,68.0,70.85,67.5,70.85,20348714,14239.77,23792,,
07-04-2022 00:00,68.95,68.95,66.2,67.5,5612799,3791.32,44100,,
06-04-2022 00:00,67.05,68.75,66.5,68.25,7671586,5227.38,29940,,
05-04-2022 00:00,66.0,68.8,64.2,67.05,21329176,14225.61,115334,,
04-04-2022 00:00,66.4,66.95,64.55,66.05,6653848,4386.44,94965,,
01-04-2022 00:00,63.85,67.65,61.25,64.75,61777134,40248.61,91598,,
31-03-2022 00:00,60.5,64.7,59.3,64.45,14995715,9421.71,112684,,
30-03-2022 00:00,56.0,61.8,56.0,61.65,81796402,47618.63,130758,,
29-03-2022 00:00,58.9,60.0,58.9,58.9,76737652,45214.03,33509,,
28-03-2022 00:00,65.2,68.45,61.95,61.95,30152894,19313.1,106522,,
